{"Light": {"position": [4.076245307922363, 1.0054539442062378, 5.903861999511719], "orientation": [0.570947527885437, 0.16907575726509094, 0.27217137813568115, 0.7558803558349609]}, "Camera": {"position": [-0.9181560277938843, -4.691451072692871, 3.2056446075439453], "orientation": [0.7502738833427429, 0.5338931083679199, 0.17376473546028137, 0.34907466173171997]}, "ku_station_bar": {"position": [0.0, 0.0, 0.0], "orientation": [0.7071068286895752, 0.7071067690849304, 0.0, 0.0]}, "trent_stand": {"position": [0.0, -1.1756463050842285, 0.0], "orientation": [0.7070732116699219, 0.7070732712745667, -0.0068857381120324135, -0.006885737646371126]}, "trent_chair": {"position": [-0.79610675573349, 0.4810154139995575, 0.0], "orientation": [0.7071068286895752, 0.7071067690849304, 0.0, 0.0]}, "trent_init": {"position": [-4.321194171905518, -1.1756463050842285, 0.0], "orientation": [0.506165087223053, 0.5061650276184082, -0.4937579333782196, -0.493757963180542]}}