{"cam_dbg": {"position": [-9.527463912963867, 26.806421279907227, 3.0440895557403564]}, "cam_dbg_focus": {"position": [-7.806524276733398, 15.655045509338379, 1.4049018621444702]}, "trent_init": {"position": [10.467179298400879, -2.117189884185791, 0.0]}, "ku_station_deck": {"position": [0.0, 0.0, 0.0]}, "darcy_init": {"position": [12.448226928710938, 0.23352718353271484, 0.0]}, "cam_start": {"position": [6.9889631271362305, -2.2896547317504883, 2.1480863094329834]}, "cam_start_focus": {"position": [14.430444717407227, -0.19212758541107178, 0.6470968723297119]}, "cam_start2": {"position": [8.700971603393555, -1.6856826543807983, 1.9910125732421875]}, "cam_start_focus2": {"position": [13.981891632080078, 0.651678204536438, 0.6470968723297119]}, "cam_trent": {"position": [11.972277641296387, 0.6484431028366089, 1.684208869934082]}, "trent_talk": {"position": [11.513300895690918, -0.9797512292861938, 0.0]}, "cam_trent_focus": {"position": [11.221881866455078, -3.6671347618103027, 1.5647226572036743]}, "cam_darcy": {"position": [11.130910873413086, -0.5714492201805115, 1.8471693992614746]}, "cam_darcy_focus": {"position": [13.019225120544434, 0.5930273532867432, 1.283514380455017]}, "darcy_walkout": {"position": [14.895848274230957, 0.10855680704116821, 1.5647226572036743]}}