{"cam_dbg": {"position": [-0.9181560277938843, -4.691451072692871, 3.2056446075439453], "orientation": [0.7212597131729126, 0.4526323974132538, -0.3322046399116516, -0.40564578771591187]}, "trent_stand": {"position": [0.0, -1.1756463050842285, 0.0], "orientation": [0.7070732116699219, 0.7070732712745667, -0.0068857381120324135, -0.006885737646371126]}, "trent_chair": {"position": [-0.79610675573349, 0.4810154139995575, 0.0], "orientation": [0.7071068286895752, 0.7071067690849304, 0.0, 0.0]}, "trent_init": {"position": [-4.321194171905518, -1.1756463050842285, 0.0], "orientation": [0.506165087223053, 0.5061650276184082, -0.4937579333782196, -0.493757963180542]}, "cam_dbg_focus": {"position": [3.793728828430176, -2.487137794494629, 1.0822659730911255], "orientation": [0.7071068286895752, 0.7071067690849304, 0.0, 0.0]}, "cam_fix": {"position": [3.166659355163574, -0.8334414958953857, 2.663686990737915], "orientation": [0.7539368867874146, 0.6465891599655151, 0.07812413573265076, 0.08601737022399902]}, "ku_station_bar": {"position": [0.0, 0.0, 0.0], "orientation": [0.7071068286895752, 0.7071067690849304, 0.0, 0.0]}}