{"cam_dbg": {"position": [-9.527463912963867, 26.806421279907227, 3.0440895557403564]}, "ku_bship_deck": {"position": [0.0, 0.0, 0.0]}, "cam_dbg_focus": {"position": [-7.806524276733398, 15.655045509338379, 1.4049018621444702]}, "floor_height": {"position": [-7.688570022583008, 11.449463844299316, -0.2975616455078125]}, "cam_start_focus": {"position": [15.838746070861816, -0.27172279357910156, 3.9831387996673584]}, "cam_start": {"position": [-14.782559394836426, 17.211122512817383, 11.347503662109375]}, "cam_start_focus2": {"position": [5.2990007400512695, 8.826037406921387, 0.28552985191345215]}, "cam_start2": {"position": [-14.782559394836426, 17.211122512817383, 1.3122116327285767]}, "hassler_init": {"position": [-5.62995719909668, 15.016751289367676, 0.0]}, "darcy_init": {"position": [-17.310028076171875, 14.405557632446289, 0.0]}, "trent_init": {"position": [-16.149778366088867, 13.859182357788086, 0.0]}, "kim_init": {"position": [-15.715413093566895, 15.073724746704102, 0.0]}, "kim_talk": {"position": [-7.094503402709961, 15.073724746704102, 0.0]}, "trent_talk": {"position": [-7.528868675231934, 13.859182357788086, 0.0]}, "cam_kim": {"position": [-5.674483776092529, 15.304197311401367, 1.4497817754745483]}, "cam_kim_focus": {"position": [-7.294134616851807, 14.84417724609375, 1.3219634294509888]}, "cam_hassler": {"position": [-7.042313098907471, 15.604302406311035, 1.3929078578948975]}, "cam_hassler_focus": {"position": [-5.116645336151123, 14.709222793579102, 1.3069238662719727]}, "darcy_ik1": {"position": [-5.044461727142334, 15.418047904968262, 1.6849933862686157]}, "darcy_ik2": {"position": [-5.044461727142334, 12.960491180419922, 1.6849933862686157]}, "cam_trent_top": {"position": [-5.299757480621338, 16.915836334228516, 2.085510492324829]}, "cam_trent_top_focus": {"position": [-6.655022621154785, 14.194191932678223, 1.04787278175354]}, "cam_hassler_answer": {"position": [-6.833236217498779, 14.573429107666016, 1.3929078578948975]}, "cam_hassler_answer_focus": {"position": [-5.116645336151123, 15.156375885009766, 1.3069238662719727]}, "cam_trent_focus": {"position": [-8.293434143066406, 12.997527122497559, 1.04787278175354]}, "cam_trent": {"position": [-6.32735538482666, 15.099410057067871, 1.623035192489624]}, "darcy_talk": {"position": [-8.859020233154297, 14.405557632446289, 0.0]}}