{"cam_dbg": {"position": [0.35290372371673584, -4.085801601409912, 3.2056446075439453], "orientation": [0.7428043484687805, 0.4776240289211273, 0.26233530044555664, 0.38896942138671875], "rotate": [1.1525287628173828, 0.01816631853580475, 0.9765815138816833]}, "trent_stand": {"position": [0.0, -1.1756463050842285, 0.0], "orientation": [0.7070732116699219, 0.7070733308792114, -0.006885739509016275, -0.006885738577693701], "rotate": [1.5707964897155762, 3.2466151989041236e-10, -0.019476119428873062]}, "trent_chair": {"position": [-0.79610675573349, 0.4810154139995575, 0.0], "orientation": [0.7071068286895752, 0.7071067690849304, 0.0, 0.0], "rotate": [1.570796251296997, -0.0, 0.0]}, "trent_init": {"position": [-4.321194171905518, -1.1756463050842285, 0.0], "orientation": [0.5148252844810486, 0.5148259401321411, -0.4847216010093689, -0.484720915555954], "rotate": [1.5707979202270508, -7.01618887433142e-08, -1.5105787515640259]}, "cam_dbg_focus": {"position": [-4.0601630210876465, -1.5879312753677368, 1.1922754049301147], "orientation": [0.7071068286895752, 0.7071067690849304, 0.0, 0.0], "rotate": [1.570796251296997, -0.0, 0.0]}, "cam_fix": {"position": [2.8090572357177734, -1.8136193752288818, 2.569404125213623], "orientation": [0.5877411961555481, 0.5080553293228149, 0.4090552031993866, 0.4786584675312042], "rotate": [1.4211286306381226, -0.005532809998840094, 1.3621630668640137]}, "ku_station_bar": {"position": [0.0, 0.0, 0.0], "orientation": [0.7071068286895752, 0.7071067690849304, 0.0, 0.0], "rotate": [1.570796251296997, -0.0, 0.0]}, "cam_dbg_focus2": {"position": [-3.7227044105529785, -0.03606736660003662, 2.093385696411133], "orientation": [0.7071068286895752, 0.7071067690849304, 0.0, 0.0], "rotate": [1.570796251296997, -0.0, 0.0]}, "cam_dbg2": {"position": [-0.3995131850242615, -4.871676445007324, 3.2056446075439453], "orientation": [0.7420468926429749, 0.5297554731369019, 0.18599793314933777, 0.366237998008728], "rotate": [1.1897765398025513, -0.11223024129867554, 0.8409653902053833]}, "darcy_init": {"position": [-5.114278316497803, 0.5269078016281128, 0.0], "orientation": [0.5148252844810486, 0.5148259401321411, -0.4847216010093689, -0.484720915555954], "rotate": [1.5707979202270508, -7.01618887433142e-08, -1.5105787515640259]}, "cam_trent": {"position": [-2.5090222358703613, -0.8921203017234802, 2.1908960342407227], "orientation": [0.5515722036361694, 0.35023432970046997, 0.4174690842628479, 0.6315248012542725], "rotate": [1.1525287628173828, 0.018166353926062584, 1.7175546884536743]}, "cam_trent_focus": {"position": [-4.429777145385742, -1.0654481649398804, 1.7495129108428955], "orientation": [0.7071068286895752, 0.7071067690849304, 0.0, 0.0], "rotate": [1.570796251296997, -0.0, 0.0]}, "cam_darcy": {"position": [-2.453357458114624, -0.12245172262191772, 2.4617362022399902], "orientation": [0.6456514596939087, 0.4126112461090088, 0.3559444844722748, 0.5349670052528381], "rotate": [1.1525287628173828, 0.018166344612836838, 1.3956457376480103]}, "cam_darcy_focus": {"position": [-5.138009548187256, 0.5857541561126709, 1.7495129108428955], "orientation": [0.7071068286895752, 0.7071067690849304, 0.0, 0.0], "rotate": [1.570796251296997, -0.0, 0.0]}}