{"cam_dbg": {"position": [0.35290372371673584, -4.085801601409912, 3.2056446075439453], "orientation": [0.7428043484687805, 0.4776240289211273, 0.26233530044555664, 0.38896942138671875], "rotate": [1.1525287628173828, 0.01816631853580475, 0.9765815138816833]}, "trent_stand": {"position": [0.0, -1.1756463050842285, 0.0], "orientation": [0.7070732116699219, 0.7070733308792114, -0.006885739509016275, -0.006885738577693701], "rotate": [1.5707964897155762, 3.2466151989041236e-10, -0.019476119428873062]}, "trent_chair": {"position": [-0.79610675573349, 0.4810154139995575, 0.0], "orientation": [0.7071068286895752, 0.7071067690849304, 0.0, 0.0], "rotate": [1.570796251296997, -0.0, 0.0]}, "trent_init": {"position": [-4.321194171905518, -1.1756463050842285, 0.0], "orientation": [0.5148246884346008, 0.5148258805274963, -0.4847221374511719, -0.4847208857536316], "rotate": [1.5707987546920776, -1.3314493685356865e-07, -1.5105797052383423]}, "cam_dbg_focus": {"position": [-4.0601630210876465, -1.5879312753677368, 1.1922754049301147], "orientation": [0.7071068286895752, 0.7071067690849304, 0.0, 0.0], "rotate": [1.570796251296997, -0.0, 0.0]}, "cam_fix": {"position": [2.8090572357177734, -1.8136193752288818, 2.569404125213623], "orientation": [0.5877411961555481, 0.5080553293228149, 0.4090552031993866, 0.4786584675312042], "rotate": [1.4211286306381226, -0.005532809998840094, 1.3621630668640137]}, "ku_station_bar": {"position": [0.0, 0.0, 0.0], "orientation": [0.7071068286895752, 0.7071067690849304, 0.0, 0.0], "rotate": [1.570796251296997, -0.0, 0.0]}, "cam_dbg_focus2": {"position": [-3.7227044105529785, -0.03606736660003662, 2.093385696411133], "orientation": [0.7071068286895752, 0.7071067690849304, 0.0, 0.0], "rotate": [1.570796251296997, -0.0, 0.0]}, "cam_dbg2": {"position": [-0.3995131850242615, -4.871676445007324, 3.2056446075439453], "orientation": [0.7420469522476196, 0.5297554731369019, 0.18599791824817657, 0.366237998008728], "rotate": [1.1897765398025513, -0.11223023384809494, 0.8409654498100281]}, "darcy_init": {"position": [-5.114278316497803, 0.5269078016281128, 0.0], "orientation": [0.5148246884346008, 0.5148258805274963, -0.4847221374511719, -0.4847208857536316], "rotate": [1.5707987546920776, -1.3314493685356865e-07, -1.5105797052383423]}, "cam_trent": {"position": [-2.794379711151123, -0.8921203017234802, 1.6771115064620972], "orientation": [0.4574830234050751, 0.4688829481601715, 0.518865704536438, 0.5492143630981445], "rotate": [1.5489225387573242, -0.04030090570449829, 1.7131074666976929]}, "cam_trent_focus": {"position": [-4.429777145385742, -1.0654481649398804, 1.6180768013000488], "orientation": [0.7071068286895752, 0.7071067690849304, 0.0, 0.0], "rotate": [1.570796251296997, -0.0, 0.0]}, "cam_darcy": {"position": [-4.166901588439941, 0.08678761124610901, 1.288273811340332], "orientation": [0.5781244039535522, 0.6612436175346375, 0.36468377709388733, 0.3090870678424835], "rotate": [1.7117490768432617, 0.01290183886885643, 0.9968062043190002]}, "cam_darcy_focus": {"position": [-5.138009548187256, 0.7161924242973328, 1.5549588203430176], "orientation": [0.7071068286895752, 0.7071067690849304, 0.0, 0.0], "rotate": [1.570796251296997, -0.0, 0.0]}, "hassler_init": {"position": [-3.8190698623657227, 2.3939478397369385, 0.0], "orientation": [0.5148246884346008, 0.5148258805274963, -0.4847221374511719, -0.4847208857536316], "rotate": [1.5707987546920776, -1.3314493685356865e-07, -1.5105797052383423]}, "cam_hassler": {"position": [-2.46530818939209, 2.994077444076538, 1.5261949300765991], "orientation": [0.3413609266281128, 0.3847784399986267, 0.6497560739517212, 0.5596743226051331], "rotate": [1.7117490768432617, 0.01290180254727602, 2.061079502105713]}, "cam_hassler_focus": {"position": [-4.2080397605896, 2.2200992107391357, 1.6189980506896973], "orientation": [0.7071068286895752, 0.7071067690849304, 0.0, 0.0], "rotate": [1.570796251296997, -0.0, 0.0]}}