{"cam_dbg": {"position": [-3.9922752380371094, 3.8767600059509277, 2.445127487182617]}, "trent_go": {"position": [0.23508742451667786, -2.8607871532440186, 0.0]}, "trent_lift": {"position": [2.1871631145477295, -5.202850341796875, 0.0]}, "cam_dbg_focus": {"position": [-0.3609189987182617, 3.145688533782959, 0.09442174434661865]}, "ku_station_bar": {"position": [0.0, 0.0, 0.0]}, "darcy_lift": {"position": [2.0636308193206787, -4.421242713928223, 0.0]}, "cam_darcy": {"position": [-4.166901588439941, 0.08678761124610901, 1.288273811340332]}, "cam_darcy_focus": {"position": [-5.138009548187256, 0.7161924242973328, 1.5549588203430176]}, "hassler_init": {"position": [-12.433778762817383, 2.3939478397369385, 0.0]}, "cam_hassler": {"position": [0.005739860236644745, 4.671773433685303, 1.7484771013259888]}, "cam_hassler_focus": {"position": [-1.6360406875610352, 4.121226787567139, 1.5910407304763794]}, "trent_bottom": {"position": [2.1871631145477295, -5.202850341796875, -4.037316799163818]}, "darcy_bottom": {"position": [2.0636308193206787, -4.421242713928223, -4.037316799163818]}, "floor_bottom": {"position": [0.41183900833129883, -6.840031623840332, -3.981066942214966]}, "cam_lift": {"position": [-4.061304092407227, -10.253120422363281, 1.3044352531433105]}, "cam_lift_focus": {"position": [1.284212589263916, -2.851391315460205, 0.8983892798423767]}, "cam_lift_focus2": {"position": [2.585442543029785, -4.514829158782959, 0.8983892798423767]}, "chair_one": {"position": [-0.8782214522361755, -7.998594760894775, 0.09155035763978958]}, "chair_two": {"position": [-2.4334559440612793, -7.855063438415527, 0.11400890350341797]}, "chair_three": {"position": [-1.0274721384048462, -3.241020441055298, 0.1086273193359375]}, "chair_four": {"position": [-0.9440003633499146, -12.398076057434082, 0.11400890350341797]}, "chair_five": {"position": [-2.5297088623046875, -5.581768989562988, 0.11400890350341797]}, "cam_liftback": {"position": [0.7240564823150635, -1.8025349378585815, 1.3044352531433105]}, "cam_liftback_focus": {"position": [-2.9740519523620605, -6.654239654541016, 0.8983892798423767]}, "intro_trent_lift": {"position": [0.6322606801986694, -1.267341136932373, 1.0896885395050049]}, "darcy_go": {"position": [1.0611456632614136, -2.878026008605957, 0.0]}, "cam_go": {"position": [-1.2629332542419434, -1.3402925729751587, 1.594659447669983]}, "cam_go_focus": {"position": [1.4486290216445923, -3.454409599304199, 1.4346644878387451]}, "trent_goend": {"position": [0.5658844709396362, 3.517550230026245, 0.0]}, "cam_go2": {"position": [-1.2629332542419434, 4.499503135681152, 1.594659447669983]}, "cam_go_focus2": {"position": [1.4486290216445923, 2.3853862285614014, 1.4346644878387451]}, "cam_goend": {"position": [0.22809313237667084, 5.531040668487549, 1.662760615348816]}, "cam_goend_focus": {"position": [1.096422791481018, 2.3853862285614014, 1.6176433563232422]}, "darcy_goend": {"position": [1.1676840782165527, 5.084131717681885, 0.0]}, "hassler_talk": {"position": [-1.369122862815857, 4.294769287109375, 0.0]}, "cam_walkin_focus": {"position": [1.4486290216445923, 4.474357604980469, 0.8374348878860474]}, "cam_walkin": {"position": [-4.264624118804932, 3.37148380279541, 2.286486864089966]}, "cam_trent_focus": {"position": [1.1150151491165161, 2.5689926147460938, 1.542941689491272]}, "cam_trent": {"position": [-0.6409747004508972, 4.600419998168945, 1.6434106826782227]}, "hassler_walkin": {"position": [-3.2665467262268066, 4.294769287109375, 0.0]}}