{"cam_dbg": {"position": [-15.827630996704102, 20.761703491210938, 10.30845832824707]}, "ku_bship_deck": {"position": [0.0, 0.0, 0.0]}, "trent_stand": {"position": [-17.131465911865234, 7.399594783782959, 0.0]}, "cam_dbg_focus": {"position": [15.838746070861816, -0.27172279357910156, 0.2558997869491577]}, "floor_height": {"position": [18.367525100708008, -1.8570822477340698, -0.4150415360927582]}}