{"cam_dbg": {"position": [4.966243267059326, -4.574346542358398, 4.724051475524902]}, "ku_honshu_bar": {"position": [0.0, 0.0, 0.0]}, "tekagi_dj": {"position": [-2.7066431045532227, 1.432509422302246, 0.0]}, "barman1": {"position": [-3.013986825942993, 4.175217628479004, 0.0]}, "barman2": {"position": [-0.004622936248779297, 4.426413536071777, 0.0]}, "cam_dbg_focus": {"position": [-1.0242841243743896, -3.6277143955230713, -0.04306745529174805]}, "dancepoint_floor": {"position": [-9.363056182861328, -2.086387872695923, 1.835619568824768]}, "dancepoint": {"position": [-8.558101654052734, -2.594926595687866, 1.8283450603485107]}, "cam_dance": {"position": [1.878140926361084, 0.649284839630127, 4.952678203582764]}, "cam_dance_focus2": {"position": [-5.41796875, -0.5759252309799194, 1.8841407299041748]}, "dancelook1": {"position": [-7.073013782501221, -0.6450703740119934, 0.0]}, "dancelook2": {"position": [-6.358615398406982, -2.3885772228240967, 0.0]}, "dancelook3": {"position": [-7.086785316467285, -4.064347267150879, 0.0]}, "dancepoint_lookat": {"position": [-9.363056182861328, -2.7175259590148926, 3.1024837493896484]}, "light_bartable": {"position": [-1.4556912183761597, 1.9274152517318726, 5.796753883361816]}, "light1": {"position": [-5.711280822753906, 3.4560818672180176, 2.266084909439087]}, "light2": {"position": [5.370733261108398, 1.9274152517318726, 1.5256531238555908]}, "light3": {"position": [-1.4556912183761597, -4.690310001373291, 1.5016329288482666]}, "discobeam1": {"position": [-0.9246416091918945, -1.6873338222503662, 5.899283409118652]}, "trent_init": {"position": [-16.421215057373047, 4.92918586730957, 0.0]}, "darcy_init": {"position": [-15.063732147216797, 4.713137626647949, 0.0]}, "hassler_init": {"position": [-12.947587013244629, 5.148699760437012, 0.0]}, "yamamoto_init": {"position": [4.596123695373535, -3.2713675498962402, 0.0]}, "trent_talk": {"position": [3.2029471397399902, -1.7980910539627075, 0.0]}, "cam_tenji": {"position": [3.755950927734375, -1.0322167873382568, 1.6158723831176758]}, "cam_tenji_focus": {"position": [4.443148136138916, -3.641824245452881, 0.9208704829216003]}, "cam_friends": {"position": [5.11304235458374, -2.5069611072540283, 1.4278547763824463]}, "cam_friends_focus": {"position": [2.5989010334014893, -2.3480582237243652, 0.8408705592155457]}, "cam_tenji_near_focus": {"position": [4.510587692260742, -3.372994899749756, 1.107790231704712]}, "cam_tenji_near": {"position": [4.019585132598877, -1.7204921245574951, 1.3240324258804321]}, "darcy_talk": {"position": [3.2551469802856445, -3.223263740539551, 0.0]}, "cam_darcy": {"position": [4.533443927764893, -1.859560489654541, 1.2744098901748657]}, "cam_darcy_focus": {"position": [2.8548965454101562, -3.3936452865600586, 0.9054298996925354]}, "yamamoto_front": {"position": [4.297776699066162, -2.719741106033325, 1.244558572769165]}, "darcy_front": {"position": [3.679075241088867, -2.8157341480255127, 1.244558572769165]}, "cam_trent": {"position": [4.542032241821289, -2.764453411102295, 1.2416462898254395]}, "cam_trent_focus": {"position": [3.215064525604248, -1.9602196216583252, 1.1266380548477173]}, "yamamoto_trentlook": {"position": [4.087992191314697, -2.719741106033325, 1.2018688917160034]}, "darcy_looktrent": {"position": [3.6001455783843994, -2.1700215339660645, 1.362860083580017]}, "tenji_glass": {"position": [4.11532735824585, -2.8282179832458496, 0.7975597381591797]}, "trent_glass": {"position": [3.7580857276916504, -2.2599422931671143, 0.7975597381591797]}, "bottle_wine_1": {"position": [4.398915767669678, -2.75946307182312, 0.9855437874794006]}, "cam_start": {"position": [0.3019825518131256, -1.6010743379592896, 5.036533832550049]}, "cam_start_focus": {"position": [-7.315872669219971, -3.2298097610473633, 2.2869913578033447]}, "cam_start_focus2": {"position": [-6.891289710998535, 1.8080198764801025, -0.04306745529174805]}, "cam_start2": {"position": [-1.4433765411376953, -4.574346542358398, 4.724051475524902]}, "dancer1": {"position": [-5.344583988189697, -4.100335597991943, 0.0]}, "dancer2": {"position": [-5.344583988189697, -5.684808731079102, 0.0]}, "table5": {"position": [-5.123750686645508, 1.9112664461135864, 0.0]}, "light4": {"position": [-3.216393232345581, -3.795332908630371, 3.8919639587402344]}, "dancer4": {"position": [-5.344583988189697, -2.811509847640991, 0.0]}, "dancer3": {"position": [-5.160010814666748, -1.3538603782653809, 0.0]}, "table1": {"position": [6.496153354644775, -4.946132183074951, 0.0]}, "table2": {"position": [4.596123695373535, -6.227923393249512, 0.0]}, "dancer5": {"position": [-1.502488374710083, -2.3480401039123535, 0.0]}, "table3": {"position": [1.4958453178405762, -3.2713828086853027, 0.0]}, "table4": {"position": [1.4958453178405762, -4.991153717041016, 0.0]}, "table6": {"position": [0.051466356962919235, -0.6195420622825623, 0.0]}, "go_start": {"position": [1.5047725439071655, -2.3480582237243652, 1.6274187564849854]}, "go_end": {"position": [3.1430976390838623, -1.7427089214324951, 1.6274187564849854]}, "hassler_talk": {"position": [4.001248359680176, -0.9877369999885559, 0.0]}, "cam_hassler": {"position": [5.114443778991699, -1.9100823402404785, 1.4703539609909058]}, "cam_hassler_focus": {"position": [3.930382013320923, -0.9527879357337952, 1.5580899715423584]}, "dj_board": {"position": [-2.700697660446167, 0.6437879800796509, 1.1674209833145142]}, "cam_dance2": {"position": [0.9548306465148926, -3.68318247795105, 5.3180036544799805]}, "cam_dance_focus": {"position": [-5.41796875, -2.2682600021362305, 2.291581153869629]}, "tenji_dancer": {"position": [-3.34816312789917, -4.170698165893555, 0.0]}, "trent_dancer": {"position": [-7.776830673217773, 4.92918586730957, 0.0]}, "darcy_dancer": {"position": [-7.737175464630127, 3.0852036476135254, 0.0]}, "hassler_dancer": {"position": [-1.7194814682006836, -5.882302761077881, 0.0]}, "cam_dance3": {"position": [0.9548306465148926, -3.68318247795105, 3.278930902481079]}, "cam_dance_focus3": {"position": [-5.41796875, -0.5759252309799194, 1.4490091800689697]}, "cam_dance4": {"position": [3.7578930854797363, 0.7153326272964478, 2.8011314868927]}, "cam_dance_focus4": {"position": [-5.41796875, -2.570889949798584, 1.1831562519073486]}}