{"cam_dbg": {"position": [5.673116683959961, -3.168287515640259, 6.046527862548828]}, "ku_honshu_bar": {"position": [0.0, 0.0, 0.0]}, "tekagi_dj": {"position": [-2.5564656257629395, 1.7918031215667725, 0.0]}, "barman1": {"position": [-3.013986825942993, 4.175217628479004, 0.0]}, "barman2": {"position": [-0.004622936248779297, 4.426413536071777, 0.0]}, "cam_dbg_focus": {"position": [-1.4556912183761597, -0.34246814250946045, 0.7654511332511902]}, "dancepoint_floor": {"position": [-9.363056182861328, -2.086387872695923, 1.835619568824768]}, "dancepoint": {"position": [-8.738012313842773, -2.4014461040496826, 1.8283450603485107]}, "cam_dance": {"position": [-1.439197063446045, -2.932889938354492, 3.7722692489624023]}, "cam_dance_focus": {"position": [-5.826718330383301, -2.249717950820923, 1.4775488376617432]}, "dancelook1": {"position": [-7.073013782501221, -0.6450703740119934, 0.0]}, "dancelook2": {"position": [-6.358615398406982, -2.3885772228240967, 0.0]}, "dancelook3": {"position": [-7.086785316467285, -4.064347267150879, 0.0]}, "dancepoint_lookat": {"position": [-9.363056182861328, -2.7175259590148926, 3.1024837493896484]}, "light_bartable": {"position": [-1.4556912183761597, 1.9274152517318726, 0.7654511332511902]}}