{"cam_dbg": {"position": [5.673116683959961, -3.168287515640259, 6.046527862548828]}, "ku_honshu_bar": {"position": [0.0, 0.0, 0.0]}, "tekagi_dj": {"position": [-2.5564656257629395, 1.7918031215667725, 0.0]}, "barman1": {"position": [-3.013986825942993, 4.175217628479004, 0.0]}, "barman2": {"position": [-0.004622936248779297, 4.426413536071777, 0.0]}, "cam_dbg_focus": {"position": [-1.4556912183761597, -0.34246814250946045, 0.7654511332511902]}, "dancepoint_floor": {"position": [-9.363056182861328, -2.086387872695923, 1.835619568824768]}, "dancepoint": {"position": [-8.738012313842773, -2.4014461040496826, 1.8283450603485107]}, "cam_dance": {"position": [-3.494645357131958, -3.098541736602783, 1.4502463340759277]}, "cam_dance_focus": {"position": [-8.584022521972656, -2.249717950820923, 2.291581153869629]}, "dancelook1": {"position": [-7.073013782501221, -0.6450703740119934, 0.0]}, "dancelook2": {"position": [-6.358615398406982, -2.3885772228240967, 0.0]}, "dancelook3": {"position": [-7.086785316467285, -4.064347267150879, 0.0]}, "dancepoint_lookat": {"position": [-9.363056182861328, -2.7175259590148926, 3.1024837493896484]}, "light_bartable": {"position": [-1.4556912183761597, 1.9274152517318726, 5.796753883361816]}, "light1": {"position": [-5.711280822753906, 3.4560818672180176, 2.266084909439087]}, "light2": {"position": [5.370733261108398, 1.9274152517318726, 1.5256531238555908]}, "light3": {"position": [-1.4556912183761597, -4.690310001373291, 1.5016329288482666]}, "discobeam1": {"position": [-0.9246416091918945, -1.6873338222503662, 5.899283409118652]}, "trent_init": {"position": [-13.610015869140625, 4.92918586730957, 0.0]}, "darcy_init": {"position": [-11.430534362792969, 4.713137626647949, 0.0]}, "hassler_init": {"position": [-10.089953422546387, 5.148699760437012, 0.0]}, "yamamoto_init": {"position": [4.596123695373535, -3.2713675498962402, 0.0]}, "trent_talk": {"position": [3.2029471397399902, -1.7980910539627075, 0.0]}, "cam_tenji": {"position": [3.755950927734375, -1.0322167873382568, 1.6158723831176758]}, "cam_tenji_focus": {"position": [4.443148136138916, -3.641824245452881, 0.9208704829216003]}, "cam_friends": {"position": [5.11304235458374, -2.5069611072540283, 1.4278547763824463]}, "cam_friends_focus": {"position": [2.5989010334014893, -2.3480582237243652, 0.8408705592155457]}, "cam_tenji_near_focus": {"position": [4.510587692260742, -3.372994899749756, 1.107790231704712]}, "cam_tenji_near": {"position": [4.019585132598877, -1.7204921245574951, 1.3240324258804321]}, "darcy_talk": {"position": [3.2551469802856445, -3.223263740539551, 0.0]}, "cam_darcy": {"position": [4.196366310119629, -1.3908295631408691, 1.4478659629821777]}, "cam_darcy_focus": {"position": [3.3132505416870117, -3.5088794231414795, 1.02888822555542]}, "yamamoto_front": {"position": [4.297776699066162, -2.719741106033325, 1.244558572769165]}, "darcy_front": {"position": [3.679075241088867, -2.8157341480255127, 1.244558572769165]}, "cam_trent": {"position": [4.542032241821289, -2.764453411102295, 1.2416462898254395]}, "cam_trent_focus": {"position": [3.215064525604248, -1.9602196216583252, 1.1266380548477173]}}