{"cam_dbg": {"position": [2.6051831245422363, -14.306632995605469, 1.5052292346954346], "orientation": [0.8384405374526978, 0.5446799397468567, 0.01637977920472622, 0.008538631722331047], "rotate": [1.1525287628173828, 0.018166298046708107, 0.03217260167002678]}, "trent_stand": {"position": [0.0, 0.021194875240325928, 0.0], "orientation": [0.7070732116699219, 0.7070733308792114, -0.006885739509016275, -0.006885738577693701], "rotate": [1.5707964897155762, 3.2466151989041236e-10, -0.019476119428873062]}, "trent_chair": {"position": [-0.79610675573349, 0.4810154139995575, 0.0], "orientation": [0.7071068286895752, 0.7071067690849304, 0.0, 0.0], "rotate": [1.570796251296997, -0.0, 0.0]}, "trent_lift": {"position": [2.1871631145477295, -5.202850341796875, 0.0], "orientation": [0.5102677345275879, 0.510269045829773, 0.48951682448387146, 0.4895157217979431], "rotate": [1.5707987546920776, -1.5847597012452752e-07, 1.5292891263961792]}, "cam_dbg_focus": {"position": [2.585442543029785, -9.268436431884766, -0.589336097240448], "orientation": [0.7071068286895752, 0.7071067690849304, 0.0, 0.0], "rotate": [1.570796251296997, -0.0, 0.0]}, "cam_fix": {"position": [2.8090572357177734, -1.8136193752288818, 2.569404125213623], "orientation": [0.5877411961555481, 0.5080553293228149, 0.4090552031993866, 0.4786584675312042], "rotate": [1.4211286306381226, -0.005532809998840094, 1.3621630668640137]}, "ku_station_bar": {"position": [0.0, 0.0, 0.0], "orientation": [0.7071068286895752, 0.7071067690849304, 0.0, 0.0], "rotate": [1.570796251296997, -0.0, 0.0]}, "darcy_lift": {"position": [2.0636308193206787, -4.421242713928223, 0.0], "orientation": [0.49345141649246216, 0.49345269799232483, 0.506463885307312, 0.5064626932144165], "rotate": [1.5707987546920776, -1.2158389495198207e-07, 1.596819519996643]}, "cam_trent": {"position": [-2.794379711151123, -0.8921203017234802, 1.0907070636749268], "orientation": [0.31584885716438293, 0.5895365476608276, 0.6154282093048096, 0.41705429553985596], "rotate": [2.043201446533203, -0.10315575450658798, 1.6769309043884277]}, "cam_trent_focus": {"position": [-4.429777145385742, -1.0654481649398804, 1.9699302911758423], "orientation": [0.7071068286895752, 0.7071067690849304, 0.0, 0.0], "rotate": [1.570796251296997, -0.0, 0.0]}, "cam_darcy": {"position": [-4.166901588439941, 0.08678761124610901, 1.288273811340332], "orientation": [0.5781244039535522, 0.6612436175346375, 0.36468377709388733, 0.3090870678424835], "rotate": [1.7117490768432617, 0.01290183886885643, 0.9968062043190002]}, "cam_darcy_focus": {"position": [-5.138009548187256, 0.7161924242973328, 1.5549588203430176], "orientation": [0.7071068286895752, 0.7071067690849304, 0.0, 0.0], "rotate": [1.570796251296997, -0.0, 0.0]}, "hassler_init": {"position": [-3.8190698623657227, 2.3939478397369385, 0.0], "orientation": [0.5148246884346008, 0.5148258805274963, -0.4847221374511719, -0.4847208857536316], "rotate": [1.5707987546920776, -1.3314493685356865e-07, -1.5105797052383423]}, "cam_hassler": {"position": [-2.46530818939209, 2.994077444076538, 1.5261949300765991], "orientation": [0.3413609266281128, 0.3847784399986267, 0.6497560739517212, 0.5596743226051331], "rotate": [1.7117490768432617, 0.01290180254727602, 2.061079502105713]}, "cam_hassler_focus": {"position": [-4.2080397605896, 2.2200992107391357, 1.6189980506896973], "orientation": [0.7071068286895752, 0.7071067690849304, 0.0, 0.0], "rotate": [1.570796251296997, -0.0, 0.0]}, "trent_bottom": {"position": [2.1871631145477295, -5.202850341796875, -4.037316799163818], "orientation": [0.5102677345275879, 0.510269045829773, 0.48951682448387146, 0.4895157217979431], "rotate": [1.5707987546920776, -1.5847597012452752e-07, 1.5292891263961792]}, "darcy_bottom": {"position": [2.0636308193206787, -4.421242713928223, -4.037316799163818], "orientation": [0.49345141649246216, 0.49345269799232483, 0.506463885307312, 0.5064626932144165], "rotate": [1.5707987546920776, -1.2158389495198207e-07, 1.596819519996643]}, "floor_bottom": {"position": [0.41183900833129883, -6.840031623840332, -3.981066942214966], "orientation": [0.7071068286895752, 0.7071067690849304, 0.0, 0.0], "rotate": [1.570796251296997, -0.0, 0.0]}, "cam_lift": {"position": [-4.061304092407227, -10.253120422363281, 1.3044352531433105], "orientation": [0.6633480191230774, 0.6270716190338135, -0.2844879925251007, -0.2929456830024719], "rotate": [1.5190751552581787, -0.010033412836492062, -0.8412488102912903]}, "cam_lift_focus": {"position": [1.284212589263916, -2.851391315460205, 0.8983892798423767], "orientation": [0.7071068286895752, 0.7071067690849304, 0.0, 0.0], "rotate": [1.570796251296997, -0.0, 0.0]}, "cam_lift_focus2": {"position": [2.585442543029785, -4.514829158782959, 0.8983892798423767], "orientation": [0.7071068286895752, 0.7071067690849304, 0.0, 0.0], "rotate": [1.570796251296997, -0.0, 0.0]}, "chair_one": {"position": [-0.8782214522361755, -7.998594760894775, 0.09155035763978958], "orientation": [0.5140107274055481, 0.5140114426612854, 0.48558518290519714, 0.48558443784713745], "rotate": [1.5707978010177612, 7.13015637643366e-08, 1.513936161994934]}, "chair_two": {"position": [-2.4334559440612793, -7.855063438415527, 0.11400890350341797], "orientation": [0.49596771597862244, 0.49596765637397766, -0.5040000677108765, -0.5040000677108765], "rotate": [1.570796251296997, -6.008149000535923e-08, -1.586861252784729]}, "chair_three": {"position": [-1.0274721384048462, -3.241020441055298, 0.1086273193359375], "orientation": [0.49596771597862244, 0.49596765637397766, -0.5040000677108765, -0.5040000677108765], "rotate": [1.570796251296997, -6.008149000535923e-08, -1.586861252784729]}, "chair_four": {"position": [-0.9440003633499146, -12.398076057434082, 0.11400890350341797], "orientation": [0.49596771597862244, 0.49596765637397766, -0.5040000677108765, -0.5040000677108765], "rotate": [1.570796251296997, -6.008149000535923e-08, -1.586861252784729]}, "chair_five": {"position": [-2.5297088623046875, -5.581768989562988, 0.11400890350341797], "orientation": [0.49596771597862244, 0.49596765637397766, -0.5040000677108765, -0.5040000677108765], "rotate": [1.570796251296997, -6.008149000535923e-08, -1.586861252784729]}, "cam_liftback": {"position": [0.7240564823150635, -1.8025349378585815, 1.3044352531433105], "orientation": [0.24206192791461945, 0.23636536300182343, 0.6467485427856445, 0.6835596561431885], "rotate": [1.5190751552581787, -0.010033422149717808, 2.4513847827911377]}, "cam_liftback_focus": {"position": [-2.9740519523620605, -6.654239654541016, 0.8983892798423767], "orientation": [0.7071068286895752, 0.7071067690849304, 0.0, 0.0], "rotate": [1.570796251296997, -0.0, 0.0]}}