{"cam_dbg": {"position": [8.432823181152344, 11.984597206115723, 8.781521797180176]}, "ku_bship_deck": {"position": [0.0, 0.0, 0.0]}, "cam_dbg_focus": {"position": [10.88697338104248, -2.1436381340026855, 2.3596298694610596]}, "floor_height": {"position": [-7.688570022583008, 11.449463844299316, -0.2975616455078125]}, "edison_init": {"position": [12.13879680633545, 16.16767120361328, 0.0]}, "cam_start": {"position": [14.36851978302002, 8.621047973632812, 15.169439315795898]}, "cam_start_focus": {"position": [10.88697338104248, -6.666325569152832, 5.276854991912842]}, "cam_start2": {"position": [13.421619415283203, 10.835859298706055, 0.9791212677955627]}, "cam_start_focus2": {"position": [10.88697338104248, -6.666325569152832, 0.7890894412994385]}, "trent_init": {"position": [11.996710777282715, -8.271573066711426, 0.0]}, "darcy_init": {"position": [12.81851863861084, -9.128655433654785, 0.0]}, "trent_talk": {"position": [11.996710777282715, 6.396881103515625, 0.0]}, "darcy_talk": {"position": [12.557049751281738, 5.652153491973877, 0.0]}, "cam_alaric": {"position": [12.758330345153809, 7.895201206207275, 1.5935214757919312]}, "cam_alaric_focus": {"position": [10.984661102294922, 8.186319351196289, 1.2473267316818237]}, "trent_front": {"position": [12.141068458557129, 6.896074295043945, 1.4263542890548706]}, "cam_trent": {"position": [12.439173698425293, 7.57570219039917, 1.4428521394729614]}, "cam_trent_focus": {"position": [11.554424285888672, 5.356019496917725, 1.3141708374023438]}, "alaric_front": {"position": [11.875168800354004, 8.036166191101074, 1.48128342628479]}, "alaric_init": {"position": [11.439358711242676, 8.213638305664062, 0.0]}, "cam_edison": {"position": [12.767777442932129, 7.3384785652160645, 1.2092479467391968]}, "cam_edison_focus": {"position": [11.78499984741211, 9.134040832519531, 1.4566757678985596]}, "medic_init": {"position": [12.592246055603027, 9.338127136230469, 0.0]}, "cam_alaric2": {"position": [13.377581596374512, 7.1269683837890625, 1.587930679321289]}, "cam_alaric_focus2": {"position": [11.642744064331055, 8.542738914489746, 1.1073997020721436]}, "edison_reveal": {"position": [12.244706153869629, 8.773241996765137, 0.0]}, "edison_front": {"position": [12.41657829284668, 8.259081840515137, 1.5327006578445435]}, "cam_trent_top": {"position": [12.855084419250488, 8.341235160827637, 2.1009104251861572]}, "cam_trent_top_focus": {"position": [11.453710556030273, 5.2910051345825195, 0.44518372416496277]}, "hassler_init": {"position": [17.772008895874023, 6.809417247772217, 0.0]}, "cam_hassler_arrive": {"position": [11.609302520751953, 10.085482597351074, 2.618889570236206]}, "cam_hassler_arrive_focus": {"position": [12.59470272064209, 7.205108165740967, 0.9002591371536255]}, "hassler_arrive": {"position": [14.339678764343262, 6.52137565612793, 0.0]}, "hassler_talk": {"position": [13.469494819641113, 7.165495872497559, 0.0]}, "hassler_front": {"position": [12.948528289794922, 7.692091941833496, 1.5327006578445435]}, "cam_hassler": {"position": [12.006007194519043, 6.880669593811035, 1.449039101600647]}, "cam_hassler_focus": {"position": [13.805350303649902, 7.0501933097839355, 1.3055692911148071]}, "cam_trent_bottom": {"position": [12.591503143310547, 7.794902324676514, 1.5918112993240356]}, "cam_trent_bottom_focus": {"position": [11.945764541625977, 5.2326178550720215, 0.9373140931129456]}, "hassler_front2": {"position": [12.948528289794922, 7.1554741859436035, 1.4306573867797852]}, "darcy_front": {"position": [12.691108703613281, 6.570025444030762, 1.359288215637207]}, "cam_trent_bottom2": {"position": [12.82376480102539, 7.54626989364624, 1.5918112993240356]}, "cam_trent_bottom_focus2": {"position": [11.796263694763184, 5.261422157287598, 0.9373140931129456]}}