{"cam_dbg": {"position": [-0.8767080307006836, 1.8047301769256592, 2.8917429447174072]}, "cam_dbg_focus": {"position": [0.27206701040267944, 0.3989131450653076, 1.8012785911560059]}, "ku_bship_bar": {"position": [0.0, 0.0, 0.0]}, "trent_talk": {"position": [-0.8101855516433716, -10.776479721069336, 0.0]}, "alaric_chair": {"position": [-1.0759047269821167, -12.20357894897461, 0.0]}, "alaric_talk": {"position": [-1.1067169904708862, -12.110553741455078, 0.0]}, "trent_init": {"position": [-0.6626284122467041, -4.3525590896606445, 0.0]}, "cam_start": {"position": [1.723361611366272, -6.855436325073242, 1.6657851934432983]}, "cam_start_focus": {"position": [-0.26607149839401245, -10.006490707397461, 2.5801467895507812]}, "cam_start_focus2": {"position": [-0.26607149839401245, -10.006490707397461, 1.5215526819229126]}, "cam_start2": {"position": [1.7187299728393555, -6.887184143066406, 2.1772842407226562]}, "cam_trent_walkin": {"position": [-0.47262462973594666, -12.072460174560547, 1.5212222337722778]}, "cam_trent_walkin_focus": {"position": [-1.0274813175201416, -10.435254096984863, 1.6517000198364258]}, "alaric_head_top": {"position": [-0.9231186509132385, -11.81624698638916, 1.529938817024231]}, "cam_alaric": {"position": [-0.2720695436000824, -10.983011245727539, 1.5212222337722778]}, "cam_alaric_focus": {"position": [-1.1670101881027222, -12.0335111618042, 1.1195461750030518]}, "alaric_light": {"position": [-1.0274813175201416, -9.814144134521484, 1.7529999017715454]}, "trent_light": {"position": [-0.19432461261749268, -12.566308975219727, 1.7529999017715454]}, "alaric_look_front": {"position": [-1.2034735679626465, -11.119945526123047, 1.3000850677490234]}, "alaric_look_side": {"position": [-1.6424996852874756, -11.183396339416504, 1.3000850677490234]}, "trent_look_front": {"position": [-1.1321027278900146, -11.642905235290527, 1.6860783100128174]}, "trent_look_side": {"position": [-1.6122510433197021, -11.696002960205078, 1.8123085498809814]}, "edison_talk": {"position": [2.296462059020996, -1.1008042097091675, 0.0]}, "junko_talk": {"position": [2.296462059020996, 0.140286386013031, 0.0]}, "edison_chair": {"position": [2.337924003601074, -1.1646287441253662, 0.0]}, "junko_chair": {"position": [2.322504997253418, 0.2335137128829956, 0.0]}, "cam_second": {"position": [0.07331830263137817, -2.067465305328369, 1.7697303295135498]}, "cam_second_focus": {"position": [1.8534865379333496, -10.006490707397461, 1.3187321424484253]}, "cam_second2": {"position": [0.28094032406806946, -0.3566421866416931, 1.6454497575759888]}, "cam_second_focus2": {"position": [2.158808708190918, -0.9765022993087769, 1.1048567295074463]}, "edison_front": {"position": [2.05429744720459, -0.8072038888931274, 1.2748454809188843]}, "junko_front": {"position": [2.05429744720459, -0.22226393222808838, 1.2278460264205933]}, "edison_look_out": {"position": [1.290257453918457, 0.25893357396125793, 1.2748454809188843]}, "cam_junko": {"position": [1.0770585536956787, -0.7658845782279968, 1.2968708276748657]}, "cam_junko_focus": {"position": [2.348086357116699, 0.14012128114700317, 1.0283150672912598]}, "cam_edison": {"position": [1.223525881767273, 0.11962509155273438, 1.1777359247207642]}, "cam_edison_focus": {"position": [2.5084071159362793, -1.2310737371444702, 1.1528586149215698]}}