{"cam_dbg": {"position": [-3.1808414459228516, -14.38426399230957, 5.463571548461914]}, "cam_dbg_focus": {"position": [1.0193281173706055, -9.347467422485352, 1.8012785911560059]}, "trent_talk": {"position": [1.023601770401001, -8.002528190612793, 0.0]}, "ku_bship_bar": {"position": [0.0, 0.0, 0.0]}, "darcy_talk": {"position": [1.0238548517227173, -9.266111373901367, 0.0]}, "trent_init": {"position": [0.4864213764667511, 0.610596239566803, 0.0]}, "hassler_talk": {"position": [2.314692735671997, -9.277056694030762, 0.0]}, "darcy_init": {"position": [-0.04635438323020935, -0.15172529220581055, 0.0]}, "cam_hassler_focus": {"position": [2.3215904235839844, -9.236902236938477, 1.1614329814910889]}, "hassler_chair": {"position": [2.352114677429199, -9.328011512756348, 0.0]}, "darcy_chair": {"position": [0.9275713562965393, -9.402548789978027, 0.0]}, "trent_chair": {"position": [0.9665080308914185, -8.047799110412598, 0.0]}, "cam_trent_focus": {"position": [1.1121968030929565, -8.066411972045898, 1.1120167970657349]}, "cam_darcy_focus": {"position": [0.9296335577964783, -8.62469482421875, 0.9780751466751099]}, "cam_trent": {"position": [1.6603946685791016, -9.559185028076172, 1.3921163082122803]}, "cam_hassler": {"position": [0.8859299421310425, -8.37601089477539, 1.145506501197815]}, "cam_darcy": {"position": [2.802560806274414, -8.611823081970215, 1.443806767463684]}, "hassler_front": {"position": [2.108938694000244, -9.141450881958008, 1.257802963256836]}, "trent_front": {"position": [1.1712335348129272, -8.339356422424316, 1.257802963256836]}, "darcy_front": {"position": [1.2988476753234863, -8.979555130004883, 1.1984091997146606]}, "darcy_begin_sit": {"position": [0.7836846709251404, -8.73964786529541, 1.634136438369751]}, "cam_scene": {"position": [0.3786933720111847, -6.456571578979492, 1.0001726150512695]}, "cam_scene_focus": {"position": [1.7882994413375854, -10.056320190429688, 1.38167405128479]}, "trent_begin_sit": {"position": [1.1970195770263672, -8.2470703125, 1.4938400983810425]}, "hassler_front2": {"position": [1.7815582752227783, -8.948708534240723, 1.257802963256836]}, "trent_look_side": {"position": [2.0296905040740967, -8.47066879272461, 1.5037379264831543]}, "cam_trent_two": {"position": [1.9078534841537476, -9.40080738067627, 1.0832672119140625]}, "cam_trent_two_focus": {"position": [1.0158897638320923, -8.007574081420898, 1.135459065437317]}, "cam_scene2": {"position": [0.013358861207962036, -10.720072746276855, 1.0001726150512695]}, "cam_scene_focus2": {"position": [2.5038580894470215, -7.368351936340332, 1.3233625888824463]}, "cam_start_focus": {"position": [1.0193281173706055, -4.560014724731445, 1.418951392173767]}, "cam_start": {"position": [3.749593496322632, -10.679486274719238, 2.1298935413360596]}, "cam_start_focus2": {"position": [1.0193281173706055, -7.498302459716797, 1.0941548347473145]}, "cam_start2": {"position": [3.985247850418091, -10.28779411315918, 1.629476547241211]}, "mrk_walking": {"position": [0.750838041305542, -6.094148635864258, 1.418951392173767]}, "darcy_near_table": {"position": [0.5137012004852295, -8.89537239074707, 0.0]}, "trent_near_table": {"position": [0.5900238752365112, -8.342839241027832, 0.0]}, "cam_hassler_alone": {"position": [0.8192423582077026, -8.466050148010254, 1.5555604696273804]}, "cam_hassler_alone_focus": {"position": [2.3215904235839844, -9.236902236938477, 1.1078979969024658]}, "cam_decision": {"position": [1.6763026714324951, -10.845355033874512, 1.758115530014038]}, "cam_decision_focus": {"position": [1.3587690591812134, -8.319698333740234, 0.9780751466751099]}}