{"cam_dbg": {"position": [1.1863746643066406, -1.5018572807312012, 4.14027214050293]}, "ku_kyushu_bar": {"position": [0.0, 0.0, 0.0]}, "cam_dbg_focus": {"position": [3.2564756870269775, -5.748373985290527, 1.5362181663513184]}, "trent_init": {"position": [7.126801490783691, -5.790369033813477, 0.0]}, "trent_chair": {"position": [0.0, 0.0, 0.0]}, "rockford_talk": {"position": [1.701377511024475, -8.413639068603516, 0.0]}, "rockford_sit": {"position": [1.614509105682373, -8.394618034362793, 0.0]}, "trent___-": {"position": [3.076267719268799, -7.045002460479736, 0.0]}, "trent_talk": {"position": [3.074474334716797, -7.0006585121154785, 0.0]}, "light1": {"position": [2.2906744480133057, -7.167250156402588, 1.9112474918365479]}, "light2": {"position": [2.772442102432251, -7.880060195922852, 1.3341166973114014]}, "cam_start": {"position": [1.7400989532470703, -2.542832374572754, 3.2642087936401367]}, "cam_start_focus": {"position": [2.2443697452545166, -7.508489608764648, 1.0725839138031006]}, "cam_start_focus2": {"position": [4.326633930206299, -6.363785743713379, 1.5337107181549072]}, "cam_start2": {"position": [0.058318376541137695, -4.2191572189331055, 2.2522120475769043]}, "mrk_trent_walk": {"position": [0.8112623691558838, -6.16100549697876, 1.7037584781646729]}, "trent_dbg": {"position": [0.8226132392883301, -5.790369033813477, 0.0]}, "mrk_rockford_top": {"position": [1.8475018739700317, -7.886965274810791, 1.466870665550232]}, "cam_trent_stand": {"position": [2.3318963050842285, -8.298806190490723, 1.2324923276901245]}, "cam_trent_stand_focus": {"position": [2.597452402114868, -6.496862888336182, 1.584969401359558]}, "trent_stand": {"position": [2.6950714588165283, -6.7736663818359375, 0.0]}, "cam_rockford_first": {"position": [2.4933319091796875, -5.882363319396973, 1.7281461954116821]}, "cam_rockford_first_focus": {"position": [2.191718816757202, -7.794842720031738, 1.1053646802902222]}, "mrk_trent_arrive": {"position": [2.693577527999878, -6.905246257781982, 1.7037584781646729]}, "cam_trent_sitting": {"position": [1.22388756275177, -7.393943786621094, 1.4930860996246338]}, "cam_trent_sitting_focus": {"position": [3.116748809814453, -6.783358573913574, 1.1486711502075195]}, "trent_near_table": {"position": [2.3490679264068604, -6.375217437744141, 0.0]}, "mrk_trent_sitdown": {"position": [2.218820333480835, -7.643401145935059, 0.9523326754570007]}, "cam_trent_sitting_focus2": {"position": [3.116748809814453, -6.991602420806885, 1.0855846405029297]}, "cam_trent_sitting2": {"position": [1.3559184074401855, -7.393943786621094, 1.401835560798645]}, "cam_rockford": {"position": [2.511165142059326, -6.919713497161865, 1.1678245067596436]}, "cam_rockford_focus": {"position": [1.858224630355835, -8.570723533630371, 1.141645908355713]}, "cam_rockford_focus2": {"position": [2.2186450958251953, -8.317061424255371, 0.692001461982727]}, "mrk_offscreen": {"position": [1.8853905200958252, -7.92460823059082, -1.1451669931411743]}, "glass1": {"position": [2.813693046569824, -7.747072696685791, 0.7977976202964783]}, "glass2": {"position": [2.544625997543335, -7.897229194641113, 0.7953024506568909]}, "ashtray_2": {"position": [2.3937675952911377, -8.045689582824707, 0.8183383345603943]}, "bottle_wine_1": {"position": [2.6891934871673584, -7.83096170425415, 0.9837018251419067]}, "mrk_rockford_smoking": {"position": [1.5525627136230469, -8.172649383544922, 1.7089580297470093]}, "mrk_rockford_smoking2": {"position": [1.5911096334457397, -7.603061199188232, 1.9370448589324951]}, "cam_trent": {"position": [1.53367018699646, -7.524587631225586, 1.1040277481079102]}, "cam_trent_focus": {"position": [3.2749624252319336, -7.062356472015381, 1.1843476295471191]}, "cam_trent2": {"position": [1.5689060688018799, -7.639472007751465, 1.1040277481079102]}, "mrk_rockford_smoke_eye": {"position": [3.152156114578247, -6.875875949859619, 0.6571069955825806]}, "mrk_rockford_smoke_head": {"position": [2.648085594177246, -7.021698474884033, 1.0573006868362427]}, "cam_rockford2": {"position": [2.1408915519714355, -6.905331134796143, 1.1678245067596436]}, "cam_rockford3": {"position": [2.511165142059326, -7.065295219421387, 1.1678245067596436]}, "cam_rockford_walkout": {"position": [2.8097989559173584, -6.909110069274902, 1.199931263923645]}, "cam_rockford_walkout_focus": {"position": [1.9543566703796387, -8.256996154785156, 1.0859532356262207]}, "mrk_rockford_stand_look": {"position": [1.7339826822280884, -6.948023796081543, 1.2680531740188599]}, "mrk_trent_talk_top": {"position": [2.6102356910705566, -7.0760369300842285, 1.5342447757720947]}, "cam_rockford_walkout2": {"position": [2.9443719387054443, -6.1982035636901855, 1.8146628141403198]}, "cam_rockford_walkout_focus2": {"position": [1.7127673625946045, -7.489745616912842, 1.5398708581924438]}, "mrk_rockford_walking": {"position": [3.160614013671875, 1.5818208456039429, 1.4316107034683228]}, "mrk_rockford_walking2": {"position": [8.990987777709961, -6.933316230773926, 1.4316107034683228]}, "cam_trent_damn": {"position": [1.7334874868392944, -8.14412784576416, 1.1707807779312134]}, "cam_trent_damn_focus": {"position": [2.9054441452026367, -6.956964492797852, 1.0535452365875244]}, "cam_trent_damn2": {"position": [1.9255328178405762, -8.46780014038086, 1.1707807779312134]}, "cam_trent_pda": {"position": [1.2782244682312012, -6.437924861907959, 0.6852213144302368]}, "cam_trent_pda_focus": {"position": [2.4969120025634766, -6.589941024780273, 1.3124240636825562]}, "light3": {"position": [2.772442102432251, -5.028162956237793, 0.7338309288024902]}, "kim_init": {"position": [2.6950714588165283, 10.388477325439453, 0.0]}, "cam_trent_pda2": {"position": [1.5488944053649902, -5.947459697723389, 0.6852213144302368]}, "light4": {"position": [2.2692618370056152, -8.241785049438477, 0.3451996147632599]}}