{"cam_dbg": {"position": [1.7955265045166016, 4.553546905517578, 2.322943687438965]}, "cam_dbg_focus": {"position": [-0.6596842408180237, 1.9574437141418457, 1.2294179201126099]}, "ku_bship_bar": {"position": [0.0, 0.0, 0.0]}, "trent_talk": {"position": [-0.8101855516433716, -10.776479721069336, 0.0]}, "cam_trent_walkin": {"position": [-0.47262462973594666, -12.072460174560547, 1.5212222337722778]}, "cam_trent_walkin_focus": {"position": [-1.0274813175201416, -10.435254096984863, 1.6517000198364258]}, "trent_look_front": {"position": [-1.1321027278900146, -11.642905235290527, 1.6860783100128174]}, "trent_look_side": {"position": [-1.6122510433197021, -11.696002960205078, 1.8123085498809814]}, "edison_talk": {"position": [2.296462059020996, -1.1008042097091675, 0.0]}, "edison_chair": {"position": [2.337924003601074, -1.1646287441253662, 0.0]}, "cam_second": {"position": [0.07331830263137817, -2.067465305328369, 1.7697303295135498]}, "cam_second_focus": {"position": [1.8534865379333496, -10.006490707397461, 1.3187321424484253]}, "cam_second2": {"position": [0.28094032406806946, -0.3566421866416931, 1.6454497575759888]}, "cam_second_focus2": {"position": [2.158808708190918, -0.9765022993087769, 1.1048567295074463]}, "edison_front": {"position": [2.05429744720459, -0.8072038888931274, 1.2748454809188843]}, "edison_look_out": {"position": [1.290257453918457, 0.25893357396125793, 1.2748454809188843]}, "cam_edison": {"position": [1.223525881767273, 0.11962509155273438, 1.1777359247207642]}, "cam_edison_focus": {"position": [2.5084071159362793, -1.2310737371444702, 1.1528586149215698]}, "trent_init": {"position": [-1.6949042081832886, 0.7453389167785645, 0.0]}, "kim_listen": {"position": [0.5715945959091187, 2.0463082790374756, 0.0]}, "trent_angry": {"position": [-0.5201435685157776, 1.5858217477798462, 0.0]}, "mrk_kim_forward": {"position": [0.3190918266773224, 3.4784553050994873, 1.5666157007217407]}, "mrk_kim_table": {"position": [0.42495468258857727, 2.3875699043273926, 1.715132236480713]}, "mrk_kim_forward2": {"position": [-0.198945552110672, 2.911172866821289, 1.5666157007217407]}, "cam_kim": {"position": [-1.0221176147460938, 0.9758943915367126, 1.9095714092254639]}, "cam_kim_focus": {"position": [0.6668549180030823, 2.1758594512939453, 1.3929390907287598]}, "mrk_kim_leave": {"position": [-1.7706749439239502, -0.8570592403411865, 1.5666157007217407]}, "cam_start": {"position": [1.5276837348937988, 3.811718225479126, 1.9789682626724243]}, "cam_start_focus": {"position": [0.3463303744792938, 2.714846611022949, 1.2294179201126099]}, "cam_start_focus2": {"position": [-0.23251083493232727, 1.5138094425201416, 1.4285060167312622]}, "cam_start2": {"position": [0.8502470850944519, 3.5092544555664062, 2.0291759967803955]}, "mrk_kim_table2": {"position": [0.42495468258857727, 2.270721912384033, 1.715132236480713]}, "mrk_kim_away": {"position": [0.30245375633239746, 1.5514202117919922, 1.715132236480713]}, "mrk_kim_away_door": {"position": [-7.576845169067383, 1.0088557004928589, 1.715132236480713]}}