{"cam_dbg": {"position": [-1.3178813457489014, 4.553546905517578, 2.322943687438965]}, "cam_dbg_focus": {"position": [1.056847095489502, 1.9574437141418457, 1.2294179201126099]}, "ku_bship_bar": {"position": [0.0, 0.0, 0.0]}, "trent_init": {"position": [-1.6949042081832886, 0.7453389167785645, 0.0]}, "kim_listen": {"position": [0.5715945959091187, 2.0463082790374756, 0.0]}, "trent_angry": {"position": [-0.5201435685157776, 1.5858217477798462, 0.0]}, "mrk_kim_forward": {"position": [0.3190918266773224, 3.4784553050994873, 1.5666157007217407]}, "mrk_kim_table": {"position": [0.42495468258857727, 2.3875699043273926, 1.715132236480713]}, "mrk_kim_forward2": {"position": [-0.198945552110672, 2.911172866821289, 1.5666157007217407]}, "cam_kim": {"position": [-1.0221176147460938, 0.9758943915367126, 1.9095714092254639]}, "cam_kim_focus": {"position": [0.6668549180030823, 2.1758594512939453, 1.3929390907287598]}, "mrk_kim_leave": {"position": [-1.7706749439239502, -0.8570592403411865, 1.5666157007217407]}, "cam_start": {"position": [1.5276837348937988, 3.811718225479126, 1.9789682626724243]}, "cam_start_focus": {"position": [0.3463303744792938, 2.714846611022949, 1.2294179201126099]}, "cam_start_focus2": {"position": [-0.23251083493232727, 1.5138094425201416, 1.4285060167312622]}, "cam_start2": {"position": [0.8502470850944519, 3.5092544555664062, 2.0291759967803955]}, "mrk_kim_table2": {"position": [0.42495468258857727, 2.270721912384033, 1.715132236480713]}, "mrk_kim_away": {"position": [0.30245375633239746, 1.5514202117919922, 1.715132236480713]}, "mrk_kim_away_door": {"position": [-7.576845169067383, 1.0088557004928589, 1.715132236480713]}, "mrk_trent_table": {"position": [-0.4162447452545166, 3.267624855041504, 1.5666157007217407]}, "trent_drink": {"position": [-0.5426497459411621, 2.0463082790374756, 0.0]}, "mrk_trent_drink_low_arm_right": {"position": [-1.228950023651123, 2.5418760776519775, 1.228721022605896]}, "mrk_trent_drink_low_arm_left": {"position": [-0.603792667388916, 3.267624855041504, 1.2626723051071167]}, "trent_drink2": {"position": [-0.5426497459411621, 2.239778757095337, 0.0]}, "mrk_trent_drink_top_arm_right": {"position": [-0.19551585614681244, 2.658862829208374, 0.8767660856246948]}, "mrk_trent_bottom": {"position": [-0.6663944125175476, 2.826704502105713, 1.27618408203125]}, "mrk_trent_bottom2": {"position": [-0.8564145565032959, 2.826704502105713, 1.27618408203125]}, "mrk_trent_bottom3": {"position": [-1.1041911840438843, 2.826704502105713, 1.27618408203125]}, "mrk_trent_mid": {"position": [-0.6663944125175476, 2.826704502105713, 1.518584966659546]}, "mrk_trent_mid2": {"position": [-0.8534570932388306, 2.826704502105713, 1.518584966659546]}, "mrk_trent_mid3": {"position": [-1.0821173191070557, 2.826704502105713, 1.518584966659546]}, "mrk_trent_front": {"position": [-0.5441646575927734, 2.9100441932678223, 1.6662535667419434]}, "mrk_trent_drink_top_arm_left": {"position": [-1.0999951362609863, 2.291618824005127, 0.8767660856246948]}, "mrk_trent_drink_top_arm_left_drink": {"position": [-0.9664178490638733, 2.8040413856506348, 1.6831474304199219]}, "mrk_trent_drink_low_arm_left_drink": {"position": [-0.28110271692276, 2.4322242736816406, 1.8092663288116455]}, "mrk_trent_drink_hand_drink": {"position": [-0.10607728362083435, 2.5177600383758545, 1.8810396194458008]}, "mrk_trent_backspine": {"position": [-0.5441646575927734, 2.293638229370117, 2.5961365699768066]}, "mrk_trent_spine": {"position": [-0.6381002068519592, 2.3482439517974854, 2.2408254146575928]}, "cam_kim_leave": {"position": [0.5450811982154846, 4.769619464874268, 1.6118460893630981]}, "cam_kim_leave_focus": {"position": [-1.1442415714263916, 2.177500009536743, 1.3904131650924683]}, "cam_kim_leave2": {"position": [-0.9587638974189758, 4.2417778968811035, 1.5130093097686768]}, "bartender": {"position": [-0.40241727232933044, 3.5926153659820557, 0.0]}, "bartender_fixture": {"position": [10.198108673095703, 3.5036919116973877, 0.0]}, "edison_bar": {"position": [0.5715945959091187, 2.0463082790374756, 0.0]}, "edison_init": {"position": [8.669900894165039, 2.0463082790374756, 0.0]}, "cam_kim_leave_focus2": {"position": [0.027308329939842224, 2.177500009536743, 1.4510728120803833]}, "bottle_wine_bar": {"position": [1.6416378021240234, 3.256025552749634, 1.3535557985305786]}, "glass_bar": {"position": [1.760514259338379, 3.341944694519043, 1.1661142110824585]}, "glass_trent": {"position": [1.760514259338379, 3.1379237174987793, 1.1661142110824585]}, "edison_go": {"position": [4.133264064788818, 0.8944798707962036, 0.0]}, "mrk_look_trent_front": {"position": [-0.5453105568885803, 2.558440685272217, 1.7144033908843994]}, "mrk_look_trent_front2": {"position": [-0.5453105568885803, 2.821063756942749, 1.7144033908843994]}, "mrk_look_trent_front3": {"position": [-0.5453105568885803, 3.1064441204071045, 1.7144033908843994]}, "mrk_look_edison_front3": {"position": [0.3837548494338989, 3.1064441204071045, 1.7144033908843994]}, "mrk_look_edison_front2": {"position": [0.3837548494338989, 2.821063756942749, 1.7144033908843994]}, "mrk_look_edison_front": {"position": [0.3837548494338989, 2.558440685272217, 1.7144033908843994]}, "cam_edison": {"position": [-0.20111548900604248, 3.654399871826172, 1.596431016921997]}, "cam_edison_focus": {"position": [0.6605843305587769, 1.8290141820907593, 1.50441575050354]}, "cam_drinkins": {"position": [0.3607286214828491, 3.8431854248046875, 1.5764387845993042]}, "cam_drinkins_focus": {"position": [-0.7546659111976624, 1.9574437141418457, 1.4844235181808472]}, "mrk_trent_drink_low_arm_left_drink2": {"position": [-0.28110271692276, 2.2738265991210938, 1.9048123359680176]}, "mrk_trent_drink_hand_drink2": {"position": [-0.10607728362083435, 2.5177600383758545, 1.9377168416976929]}, "mrk_look_edison_front4": {"position": [0.09198123216629028, 3.2761430740356445, 1.588727593421936]}, "mrk_trent_mid4": {"position": [-0.35772305727005005, 2.826704502105713, 1.518584966659546]}, "mrk_trent_bottom4": {"position": [0.007433056831359863, 2.826704502105713, 1.27618408203125]}, "mrk_trent_front2": {"position": [-0.5441646575927734, 2.9100441932678223, 1.9433990716934204]}, "mrk_trent_drink_top_arm_right2": {"position": [-0.21158620715141296, 2.658862829208374, 0.8767660856246948]}, "mrk_trent_drink_top_arm_left2": {"position": [-1.0338354110717773, 2.291618824005127, 0.8767660856246948]}, "cam_drinkins2": {"position": [0.020795974880456924, 4.042426586151123, 1.5764387845993042]}, "mrk_trent_drink_top_arm_left_drink2": {"position": [-0.9664178490638733, 2.8040413856506348, 1.7623791694641113]}, "mrk_trent_drink_low_arm_right_drink": {"position": [-1.228950023651123, 2.8379180431365967, 1.228721022605896]}, "mrk_edison_left": {"position": [0.7967873811721802, 2.826704502105713, 1.6839805841445923]}, "mrk_edison_left2": {"position": [1.278063416481018, 2.826704502105713, 1.640006184577942]}, "mrk_edison_front": {"position": [0.49579688906669617, 3.2781240940093994, 1.7381231784820557]}, "mrk_edison_mid": {"position": [0.5569626092910767, 2.999147415161133, 1.5304920673370361]}, "mrk_edison_mid2": {"position": [0.9219630360603333, 2.999147415161133, 1.5304920673370361]}, "mrk_edison_right": {"position": [0.1299973726272583, 2.999147415161133, 1.7616451978683472]}, "mrk_edison_right2": {"position": [-0.1524639129638672, 2.999147415161133, 1.7616451978683472]}}