{"li_station_bar": {"position": [0.0, 0.0, 0.0]}, "cam_dbg": {"position": [2.208113431930542, 5.250416278839111, 3.8938732147216797]}, "waypoin": {"position": [0.0, 2.7200534343719482, 1.9094229936599731]}, "cam_dbg_focus": {"position": [0.46656328439712524, 6.676214694976807, 0.552194356918335]}, "trent_init": {"position": [0.6488813161849976, 1.5062084197998047, 0.34218648076057434]}, "li_comm": {"position": [3.379362106323242, 7.894601821899414, -0.5836149454116821]}, "mandrake_comm": {"position": [3.883937358856201, 7.866955757141113, 0.060405194759368896]}, "mandrake_floor": {"position": [3.3942558765411377, 8.429490089416504, 0.05064427852630615]}, "comm_light1": {"position": [0.9961577653884888, 9.171835899353027, 4.273711681365967]}, "comm_light2": {"position": [3.125019073486328, 4.331184387207031, 1.736953616142273]}, "trent_talk": {"position": [0.6573038697242737, 6.765329360961914, 0.0]}, "alaric_init": {"position": [-1.0644843578338623, -5.45297908782959, 0.0]}, "hatcher_init": {"position": [-0.5367087125778198, 2.895172357559204, 0.0]}, "darcy_walk": {"position": [0.9896283149719238, 1.9832558631896973, 0.0]}, "king_init": {"position": [-0.10369108617305756, 8.397880554199219, -0.004245136398822069]}, "guard_init": {"position": [-1.2251328229904175, 7.890610218048096, -0.004245136398822069]}, "elite_init": {"position": [-1.1740398406982422, 7.469813346862793, -0.004245136398822069]}, "cam_start": {"position": [1.5035628080368042, 2.5579769611358643, 1.7511041164398193]}, "cam_start_focus": {"position": [-0.22797012329101562, 8.219165802001953, 1.2073256969451904]}, "cam_start2": {"position": [0.8825857043266296, 4.956333160400391, 2.0566885471343994]}, "cam_start_focus2": {"position": [-0.22797012329101562, 8.219165802001953, 1.2073256969451904]}, "hatcher_talk": {"position": [-0.311254620552063, 6.5850372314453125, 0.0]}, "cam_hatcher": {"position": [0.4416763484477997, 7.5903096199035645, 1.5692692995071411]}, "cam_hatcher_focus": {"position": [-0.5762922167778015, 6.364799499511719, 1.4969414472579956]}, "mrk_mandrake": {"position": [3.07780385017395, 7.74800968170166, 1.7761272192001343]}, "cam_king": {"position": [0.4696732759475708, 6.886884689331055, 1.4895139932632446]}, "cam_king_focus": {"position": [-0.2321992963552475, 8.593010902404785, 1.5785893201828003]}, "king_light1": {"position": [-0.19746863842010498, 6.359609603881836, 2.353111743927002]}, "king_light2": {"position": [2.1339216232299805, 8.398723602294922, 2.7583999633789062]}, "cam_trent": {"position": [0.6183677315711975, 7.899561405181885, 1.4719069004058838]}, "cam_trent_focus": {"position": [0.5525314211845398, 6.7023115158081055, 1.580763578414917]}, "alaric_walk": {"position": [-0.06576862931251526, 0.4690450429916382, 0.0]}, "darcy_init": {"position": [1.1645994186401367, -5.943314552307129, 0.0]}, "mrk_trent_front": {"position": [0.39264559745788574, 7.1234869956970215, 1.7659945487976074]}, "mrk_trent_front_eye": {"position": [0.9802329540252686, 6.8543806076049805, 1.7634353637695312]}, "cam_team": {"position": [2.1711952686309814, 7.019689083099365, 2.486135959625244]}, "cam_team_focus": {"position": [-0.9336302280426025, 7.728457927703857, 1.1616498231887817]}, "cam_comm2": {"position": [-2.669032096862793, 6.597439765930176, 1.4027423858642578]}, "hatcher_comm": {"position": [-0.41966092586517334, 6.982672214508057, 0.0]}, "alaric_comm": {"position": [-0.6242202520370483, 7.696946620941162, 0.0]}, "cam_insane": {"position": [0.35407423973083496, 7.899561405181885, 1.927990198135376]}, "cam_insane_focus": {"position": [0.8401331901550293, 6.2298102378845215, 1.5063695907592773]}, "cam_comm": {"position": [-2.669032096862793, 6.597439765930176, 2.2931647300720215]}, "cam_comm_focus": {"position": [3.07780385017395, 7.74800968170166, 1.4820743799209595]}, "cam_team2": {"position": [2.1711952686309814, 8.229998588562012, 2.599177122116089]}, "mrk_trent_front2": {"position": [0.9808741807937622, 7.3028340339660645, 1.7606960535049438]}, "cam_team_focus2": {"position": [-0.5180825591087341, 7.219080448150635, 1.1616498231887817]}, "darcy_comm": {"position": [1.3222345113754272, 5.7867608070373535, 0.0]}, "trent_talk2": {"position": [0.5760308504104614, 6.556580066680908, 0.0]}, "cam_decision": {"position": [3.0461738109588623, 8.764543533325195, 2.7713778018951416]}, "cam_decision_focus": {"position": [0.0450020432472229, 6.775932788848877, 0.8339309692382812]}, "king_light3": {"position": [-2.5946624279022217, 11.487004280090332, 1.925226092338562]}}