{"dig_site": {"position": [0.0, 0.0, 0.0]}, "cam_dbg": {"position": [-3.75528883934021, 5.4424214363098145, 4.380125045776367]}, "cam_dbg_focus": {"position": [-2.3119335174560547, 11.292790412902832, 0.9913413524627686]}, "trent_init": {"position": [0.041052281856536865, 20.87586212158203, 0.0]}, "mrk_hatcher_work": {"position": [-3.5745108127593994, 8.245206832885742, 0.9735428094863892]}, "mandrake_init": {"position": [-3.8893909454345703, 9.467693328857422, 0.0]}, "hatcher_init1": {"position": [-2.939805507659912, 9.005380630493164, 0.0]}, "cam_start": {"position": [-4.237497329711914, 6.592813491821289, 3.360935688018799]}, "cam_start_focus": {"position": [0.8644742965698242, 18.068904876708984, 0.20287549495697021]}, "cam_start2": {"position": [-4.237497329711914, 6.592813491821289, 1.3203661441802979]}, "hatcher_init": {"position": [-3.1885552406311035, 8.761548042297363, 0.0]}, "mrk_hatcher_work_top": {"position": [-3.5745108127593994, 8.245206832885742, 1.33295738697052]}, "trent_talk": {"position": [-2.07470703125, 10.367698669433594, 0.00982377864420414]}, "hatcher_talk": {"position": [-2.935302734375, 8.943233489990234, 0.0]}, "cam_welcome": {"position": [-1.8150980472564697, 9.629770278930664, 1.6299711465835571]}, "cam_welcome_focus": {"position": [-3.2848172187805176, 8.722719192504883, 1.3642905950546265]}, "cam_deal": {"position": [-2.8092916011810303, 8.682615280151367, 2.0146052837371826]}, "cam_deal_focus": {"position": [-2.376676321029663, 10.7660551071167, 1.3960111141204834]}, "alaric_init": {"position": [-22.477968215942383, 20.87586212158203, 0.0]}, "darcy_init": {"position": [-22.477968215942383, 20.87586212158203, 0.0]}, "alaric_arrive": {"position": [-2.7265634536743164, 13.021832466125488, 0.00982377864420414]}, "mrk_trent_front": {"position": [-2.537679672241211, 10.14440631866455, 1.6781394481658936]}, "mrk_look_on_alaric": {"position": [-2.858396291732788, 11.263083457946777, 1.6781394481658936]}, "darcy_arrive": {"position": [-1.8614739179611206, 14.264650344848633, 0.08680954575538635]}, "cam_deal2": {"position": [-3.601102828979492, 9.040434837341309, 1.4051084518432617]}, "cam_deal_focus2": {"position": [-2.396503448486328, 10.976638793945312, 1.48581063747406]}, "mrk_trent_back": {"position": [-1.7006455659866333, 10.14440631866455, 1.6781394481658936]}, "mrk_look_on_alaric_front": {"position": [-3.150207042694092, 10.573469161987305, 1.6781394481658936]}, "mrk_hatcher_front": {"position": [-2.858396291732788, 9.481690406799316, 1.595653772354126]}, "cam_trent": {"position": [-2.5079057216644287, 8.682615280151367, 2.0146052837371826]}, "cam_trent_focus": {"position": [-2.0752904415130615, 10.7660551071167, 1.3960111141204834]}, "cam_trent_two": {"position": [-3.4911787509918213, 9.785137176513672, 1.3789154291152954]}, "cam_trent_two_focus": {"position": [-1.9787079095840454, 10.609333992004395, 1.6449618339538574]}, "cam_impossible": {"position": [-2.0426251888275146, 9.68524169921875, 1.3134266138076782]}, "cam_impossible_focus": {"position": [-3.287442684173584, 8.762675285339355, 1.5538147687911987]}, "cam_impossible2": {"position": [-1.6825648546218872, 9.935637474060059, 1.3152724504470825]}, "cam_impossible_focus2": {"position": [-2.9421112537384033, 9.287848472595215, 1.4686822891235352]}, "mrk_mandrake_front": {"position": [-2.9898462295532227, 9.816571235656738, 1.5924774408340454]}, "mrk_mandrake_hand_chin": {"position": [-3.473356246948242, 10.14256477355957, 2.042241334915161]}, "mrk_mandrake_think": {"position": [-2.537679672241211, 9.636640548706055, 1.6004869937896729]}, "mrk_mandrake_think_bottom": {"position": [-2.537679672241211, 9.477850914001465, 1.3044941425323486]}, "cam_impossible_focus3": {"position": [-2.9421112537384033, 9.478017807006836, 1.4169236421585083]}, "mrk_mandrake_front_right": {"position": [-3.1599929332733154, 10.129636764526367, 1.5924774408340454]}, "cam_access_focus": {"position": [-2.646394968032837, 10.976638793945312, 1.514854073524475]}, "cam_access": {"position": [-2.729602813720703, 8.924485206604004, 1.7765244245529175]}, "mrk_hatcher_front_bottom": {"position": [-2.858396291732788, 9.481690406799316, 1.595653772354126]}, "cam_trent_three": {"position": [-2.892298936843872, 8.99030876159668, 1.814000129699707]}, "cam_trent_three_focus": {"position": [-2.5818843841552734, 10.609333992004395, 1.5112210512161255]}, "mrk_hatcher_front2": {"position": [-3.0097603797912598, 9.644543647766113, 1.5162770748138428]}, "mrk_alarm": {"position": [-2.667189359664917, 10.80543327331543, 1.913759708404541]}, "mrk_alarm_top": {"position": [-2.667189359664917, 10.80543327331543, 2.097839117050171]}, "cam_trent_three2": {"position": [-2.6718640327453613, 8.99030876159668, 1.3781447410583496]}, "cam_trent_three_focus2": {"position": [-2.5818843841552734, 10.609333992004395, 1.5843987464904785]}, "cam_alarm": {"position": [-3.6044983863830566, 7.061445236206055, 1.382520318031311]}, "cam_alarm_focus": {"position": [-3.3649797439575195, 10.883418083190918, 0.8266317248344421]}, "cam_what_operation": {"position": [-1.5923233032226562, 9.981657981872559, 1.6883363723754883]}, "cam_what_operation_focus": {"position": [-3.1912012100219727, 9.067994117736816, 1.4124733209609985]}, "cam_alarm2": {"position": [-4.006670951843262, 7.178821563720703, 1.823669672012329]}, "cam_alarm_focus2": {"position": [-2.682347536087036, 10.883418083190918, 0.9858278632164001]}, "mandrake_alarm": {"position": [-4.173045635223389, 10.410338401794434, 0.0]}, "cam_trent_final": {"position": [-3.472053050994873, 9.160935401916504, 1.6696057319641113]}, "cam_trent_final_focus": {"position": [-1.8451991081237793, 10.507121086120605, 1.5955123901367188]}, "cam_trent_final2": {"position": [-2.7666187286376953, 8.600666999816895, 1.6696057319641113]}, "cam_trent_final_focus2": {"position": [-2.4454877376556396, 10.607274055480957, 1.5955123901367188]}, "cam_final": {"position": [-1.8366535902023315, 9.661994934082031, 1.6741538047790527]}, "cam_final_focus": {"position": [-3.306372880935669, 8.75494384765625, 1.3665125370025635]}}