{"beast": {"position": [0.0, -1215.347900390625, 9.587200164794922], "orientation": [1.0, -1.8477439880371094e-06, 0.0, 0.0]}, "ship_leave": {"position": [0.0, 484.221435546875, 0.0], "orientation": [1.0, -1.8477439880371094e-06, 0.0, 0.0]}, "ship_init": {"position": [0.0, -633.612060546875, 0.0], "orientation": [1.0, -1.8477439880371094e-06, 0.0, 0.0]}, "cam_dbg": {"position": [-709.3870239257812, 630.39599609375, 80.2467041015625], "orientation": [0.23953914642333984, -0.05350576341152191, 0.9435497522354126, 0.22242304682731628]}, "cam_dbg_focus": {"position": [-1.807271957397461, -451.28399658203125, 0.8231914043426514], "orientation": [1.0, -1.8477439880371094e-06, 0.0, 0.0]}, "beast_lt1": {"position": [-1.807271957397461, 102.4542236328125, 3263.02490234375], "orientation": [1.0, -1.8477439880371094e-06, 0.0, 0.0]}, "beast_lt2": {"position": [-1.807271957397461, 144.315673828125, -2410.915771484375], "orientation": [1.0, -1.8477439880371094e-06, 0.0, 0.0]}, "fx1": {"position": [-28.2564697265625, -11240.5986328125, 0.8231914043426514], "orientation": [1.0, -1.8477439880371094e-06, 0.0, 0.0]}, "fx2": {"position": [14998.1923828125, -451.28399658203125, 0.8231914043426514], "orientation": [1.0, -1.8477439880371094e-06, 0.0, 0.0]}, "cam_leave": {"position": [-616.565673828125, 9.014298439025879, -643.8612060546875], "orientation": [-0.38436612486839294, -0.04575757682323456, 0.8402498960494995, -0.3796699643135071]}, "bang1": {"position": [690.5701293945312, -938.3091430664062, 241.1134033203125], "orientation": [1.0, -1.8477439880371094e-06, 0.0, 0.0]}, "bang2": {"position": [559.620361328125, -806.97265625, -77.830322265625], "orientation": [1.0, -1.8477439880371094e-06, 0.0, 0.0]}, "bang3": {"position": [50.658355712890625, -975.08349609375, 717.5284423828125], "orientation": [1.0, -1.8477439880371094e-06, 0.0, 0.0]}, "bang4": {"position": [-371.9029541015625, -1323.645751953125, 517.1289672851562], "orientation": [1.0, -1.8477439880371094e-06, 0.0, 0.0]}, "damage1": {"position": [-1.807271957397461, -667.4891357421875, 0.8231914043426514], "orientation": [1.0, -1.8477439880371094e-06, 0.0, 0.0]}, "cam_endanim": {"position": [-16.869426727294922, 530.8364868164062, -2.4664764404296875], "orientation": [-0.12742453813552856, 0.0346052385866642, 0.9879978895187378, -0.08016160130500793]}, "cam_death": {"position": [-572.9586791992188, 1111.984375, 181.70028686523438], "orientation": [0.23953914642333984, -0.05350576341152191, 0.9435497522354126, 0.22242304682731628]}, "cam_death_focus": {"position": [225.98968505859375, -451.28399658203125, 0.8231914043426514], "orientation": [1.0, -1.8477439880371094e-06, 0.0, 0.0]}, "hp1": {"position": [-38.783203125, 13.98989486694336, 16.09051513671875], "orientation": [1.0, -1.8477439880371094e-06, 0.0, 0.0]}, "hp2": {"position": [662.1040649414062, -192.82708740234375, 16.09051513671875], "orientation": [1.0, -1.8477439880371094e-06, 0.0, 0.0]}, "hp3": {"position": [-752.7047729492188, -94.15336608886719, 16.09051513671875], "orientation": [1.0, -1.8477439880371094e-06, 0.0, 0.0]}, "hp4": {"position": [-524.3259887695312, -163.66717529296875, 559.2789916992188], "orientation": [1.0, -1.8477439880371094e-06, 0.0, 0.0]}, "hp5": {"position": [300.11798095703125, -44.21794891357422, 459.8439025878906], "orientation": [1.0, -1.8477439880371094e-06, 0.0, 0.0]}, "hp6": {"position": [300.11798095703125, -120.46110534667969, -459.1236877441406], "orientation": [1.0, -1.8477439880371094e-06, 0.0, 0.0]}, "hp7": {"position": [-388.167236328125, -120.46110534667969, -555.5630493164062], "orientation": [1.0, -1.8477439880371094e-06, 0.0, 0.0]}, "genp1": {"position": [-38.783203125, -1189.7825927734375, 1204.9600830078125], "orientation": [1.0, -1.8477439880371094e-06, 0.0, 0.0]}, "genp2": {"position": [-1093.917236328125, -1189.7825927734375, 638.7579956054688], "orientation": [1.0, -1.8477439880371094e-06, 0.0, 0.0]}, "genp3": {"position": [-1093.917236328125, -1189.7825927734375, -615.939453125], "orientation": [1.0, -1.8477439880371094e-06, 0.0, 0.0]}, "genp4": {"position": [45.43415069580078, -1189.7825927734375, -1283.5703125], "orientation": [1.0, -1.8477439880371094e-06, 0.0, 0.0]}, "genp5": {"position": [1047.532958984375, -1189.7825927734375, -626.6103515625], "orientation": [1.0, -1.8477439880371094e-06, 0.0, 0.0]}, "genp6": {"position": [1047.532958984375, -1189.7825927734375, 623.4044189453125], "orientation": [1.0, -1.8477439880371094e-06, 0.0, 0.0]}, "cam_death2": {"position": [-1058.8631591796875, 1768.0355224609375, 306.640869140625], "orientation": [0.23953914642333984, -0.05350576341152191, 0.9435497522354126, 0.22242304682731628]}, "ship_goaway": {"position": [-89.39846801757812, 2823.488525390625, 0.0], "orientation": [1.0, -1.8477439880371094e-06, 0.0, 0.0]}, "cam_fire": {"position": [-31.710269927978516, 439.9770812988281, 1.3610460758209229], "orientation": [-0.9076283574104309, -0.04617941379547119, 0.4141325056552887, -0.05072246491909027]}, "fire_conn": {"position": [-38.783203125, 356.58221435546875, 16.09051513671875], "orientation": [1.0, -1.8477439880371094e-06, 0.0, 0.0]}, "cam_fire2": {"position": [-17.95293617248535, 388.5757141113281, 7.54163932800293], "orientation": [-0.9882535934448242, 0.02373051643371582, 0.1508186310529709, 0.006760120391845703]}, "fx3": {"position": [-28.2564697265625, 11680.7734375, 0.8231914043426514], "orientation": [1.0, -1.8477439880371094e-06, 0.0, 0.0]}}