{"cam_dbg": {"position": [-9.762067794799805, 15.920892715454102, 13.356348037719727]}, "cam_dbg_focus": {"position": [-0.04379624128341675, -0.3915210962295532, 3.342851161956787]}, "king_init": {"position": [-0.5367087125778198, 3.4408113956451416, 0.0]}, "li_bship_deck": {"position": [0.0, 0.0, 0.0]}, "ship": {"position": [0.12577396631240845, 0.702725887298584, 4.229991436004639]}}