{"shiplook": {"position": [41.733314514160156, -27.659818649291992, 15.236455917358398], "orientation": [1.0, -1.8477439880371094e-06, 0.0, 0.0]}, "cam_dbg": {"position": [152.19140625, 56.361000061035156, 65.64105224609375], "orientation": [0.23953914642333984, -0.05350576341152191, 0.9435497522354126, 0.22242304682731628]}, "cam_dbg_focus": {"position": [-0.08440208435058594, 33.4646110534668, -0.010177135467529297], "orientation": [1.0, -1.8477439880371094e-06, 0.0, 0.0]}, "ship": {"position": [0.33359575271606445, -0.07327210903167725, 0.045504093170166016], "orientation": [1.0, -1.8477439880371094e-06, 0.0, 0.0]}, "cam_dbg2": {"position": [-101.24012756347656, 103.96654510498047, 10.883781433105469], "orientation": [0.23953914642333984, -0.05350576341152191, 0.9435497522354126, 0.22242304682731628]}, "bh": {"position": [0.33359575271606445, -535.806640625, -8.782455444335938], "orientation": [1.0, -1.8477439880371094e-06, 0.0, 0.0]}, "csv_test": {"position": [0.13286972045898438, -23.16480255126953, -3.3106937408447266], "orientation": [1.0, -1.8477439880371094e-06, 0.0, 0.0]}, "csv_test2": {"position": [-35.844078063964844, 80.12970733642578, 0.0], "orientation": [1.0, -1.8477439880371094e-06, 0.0, 0.0]}, "csv_launch": {"position": [-486.856201171875, 1653.6893310546875, -12.654766082763672], "orientation": [0.9566621780395508, -1.6093254089355469e-06, 0.29120004177093506, -5.662441253662109e-07]}, "logos_launch": {"position": [-517.7906494140625, 1708.673583984375, 20.273733139038086], "orientation": [0.2588190734386444, -4.76837158203125e-07, -0.9659258127212524, 1.6987323760986328e-06]}, "logos_start": {"position": [-1298.5206298828125, 2942.755126953125, 20.273733139038086], "orientation": [0.2588190734386444, -4.76837158203125e-07, -0.9659258127212524, 1.6987323760986328e-06]}, "cam_start": {"position": [-1052.6209716796875, 2882.784423828125, 4.9368367195129395], "orientation": [0.23953914642333984, -0.05350576341152191, 0.9435497522354126, 0.22242304682731628]}, "cam_start_focus": {"position": [-778.7132568359375, 2257.140380859375, -0.010177135467529297], "orientation": [1.0, -1.8477439880371094e-06, 0.0, 0.0]}, "cam_launch": {"position": [-287.17962646484375, 1606.319091796875, 30.878387451171875], "orientation": [0.23953914642333984, -0.05350576341152191, 0.9435497522354126, 0.22242304682731628]}, "cam_launch_focus": {"position": [-481.479736328125, 1652.9437255859375, -28.208871841430664], "orientation": [1.0, -1.8477439880371094e-06, 0.0, 0.0]}, "cam_launch2": {"position": [-287.17962646484375, 1606.319091796875, -15.745296478271484], "orientation": [0.23953914642333984, -0.05350576341152191, 0.9435497522354126, 0.22242304682731628]}, "csv_launch2": {"position": [-486.856201171875, 1653.6893310546875, -38.441184997558594], "orientation": [0.9566621780395508, -1.6093254089355469e-06, 0.29120004177093506, -5.662441253662109e-07]}, "cam_xdbg": {"position": [-470.9803161621094, 1656.3072509765625, 51.397953033447266], "orientation": [0.23953914642333984, -0.05350576341152191, 0.9435497522354126, 0.22242304682731628]}, "cam_xdbg_focus": {"position": [-481.479736328125, 1652.9437255859375, -28.208871841430664], "orientation": [1.0, -1.8477439880371094e-06, 0.0, 0.0]}, "cam_launch3": {"position": [-287.17962646484375, 1606.319091796875, -36.20082473754883], "orientation": [0.23953914642333984, -0.05350576341152191, 0.9435497522354126, 0.22242304682731628]}, "cam_launch_focus3": {"position": [-481.479736328125, 1652.9437255859375, -45.268043518066406], "orientation": [1.0, -1.8477439880371094e-06, 0.0, 0.0]}, "csv_alt": {"position": [-1.2496833801269531, 0.0, -9.195222854614258], "orientation": [0.1296313852071762, 0.07432301342487335, -0.7698710560798645, -0.6204597353935242]}, "cam_dbg3": {"position": [31.645315170288086, 21.406848907470703, 14.170341491699219], "orientation": [0.5347617864608765, -0.22173790633678436, 0.8135843873023987, 0.05424383282661438]}, "csv_arrive": {"position": [-69.82625579833984, 119.56388854980469, -4.436562538146973], "orientation": [4.371138828673793e-08, -7.993605777301127e-14, -1.0, 1.7583370208740234e-06]}, "cam_arrive": {"position": [14.289251327514648, 9.329116821289062, 3.285400390625], "orientation": [0.2604796886444092, -0.026285655796527863, 0.9604476690292358, 0.09486633539199829]}, "cam_player": {"position": [47.08553695678711, 19.57955551147461, 18.061962127685547], "orientation": [0.6069873571395874, -0.06047049164772034, 0.7885907888412476, 0.07767942547798157]}, "csv_lapa": {"position": [0.13286972045898438, -15.441890716552734, -3.3106937408447266], "orientation": [1.0, -1.8477439880371094e-06, 0.0, 0.0]}, "cam_player_focus": {"position": [-3.47788143157959, -3.78151273727417, -2.6849098205566406], "orientation": [1.0, -1.8477439880371094e-06, 0.0, 0.0]}, "cam_player2": {"position": [50.1937370300293, -5.575351715087891, 18.061962127685547], "orientation": [0.8226803541183472, -0.0816841721534729, 0.5599160194396973, 0.054942697286605835]}, "cam_player_focus2": {"position": [-3.47788143157959, -13.50985336303711, 1.162790060043335], "orientation": [1.0, -1.8477439880371094e-06, 0.0, 0.0]}, "cam_fly": {"position": [485.049560546875, 861.1735229492188, 91.90142822265625], "orientation": [0.8855586051940918, -0.04102069139480591, 0.4623204171657562, 0.01905401051044464]}, "csv_fly": {"position": [586.4488525390625, 728.7369995117188, 100.40966796875], "orientation": [-0.9422805905342102, 1.7583370208740234e-06, -0.3348243832588196, 5.960464477539062e-07]}, "csv_fly2": {"position": [-99.156005859375, 1369.5472412109375, -2.3279647827148438], "orientation": [-0.9422805905342102, 1.7583370208740234e-06, -0.3348243832588196, 5.960464477539062e-07]}, "cam_fly2": {"position": [485.049560546875, 861.1735229492188, 91.90142822265625], "orientation": [0.8855586051940918, -0.04102069139480591, 0.4623204171657562, 0.01905401051044464]}}