{"cam_dbg": {"position": [4.15128231048584, -30.8831787109375, 18.996742248535156], "orientation": [0.9731230735778809, -0.22859185934066772, 0.02636266127228737, 0.009064369834959507]}, "cam_dbg_focus": {"position": [-0.08440208435058594, 15.962247848510742, -0.05625796318054199], "orientation": [1.0, -1.8477439880371094e-06, 0.0, 0.0]}, "bh": {"position": [0.33359575271606445, -535.806640625, -8.782455444335938], "orientation": [1.0, -1.8477439880371094e-06, 0.0, 0.0]}, "ship": {"position": [-2.001331329345703, 0.0, 0.0], "orientation": [1.0, -1.8477439880371094e-06, 0.0, 0.0]}, "cam_dbg2": {"position": [-5.760833740234375, -26.656356811523438, 8.674102783203125], "orientation": [0.9731230735778809, -0.22859185934066772, 0.02636266127228737, 0.009064369834959507]}, "cam_dbg3": {"position": [12.765085220336914, -11.64691162109375, 8.674102783203125], "orientation": [0.9731230735778809, -0.22859185934066772, 0.02636266127228737, 0.009064369834959507]}}