{"shiplook": {"position": [41.733314514160156, -27.659818649291992, 15.236455917358398], "orientation": [1.0, -1.8477439880371094e-06, 0.0, 0.0]}, "cam_dbg": {"position": [15.477245330810547, 24.58185577392578, 17.156572341918945], "orientation": [0.23953914642333984, -0.05350576341152191, 0.9435497522354126, 0.22242304682731628]}, "cam_dbg_focus": {"position": [-0.08440208435058594, 0.2478318214416504, -0.010177135467529297], "orientation": [1.0, -1.8477439880371094e-06, 0.0, 0.0]}, "ship": {"position": [0.33359575271606445, -0.07327210903167725, 0.045504093170166016], "orientation": [1.0, -1.8477439880371094e-06, 0.0, 0.0]}, "cam_dbg2": {"position": [-101.24012756347656, 12.521247863769531, 10.883781433105469], "orientation": [0.23953914642333984, -0.05350576341152191, 0.9435497522354126, 0.22242304682731628]}, "bh": {"position": [0.33359575271606445, -535.806640625, -8.782455444335938], "orientation": [1.0, -1.8477439880371094e-06, 0.0, 0.0]}, "csv_test": {"position": [-35.844078063964844, 0.0, 0.0], "orientation": [1.0, -1.8477439880371094e-06, 0.0, 0.0]}, "csv_test2": {"position": [-35.844078063964844, 80.12970733642578, 0.0], "orientation": [1.0, -1.8477439880371094e-06, 0.0, 0.0]}, "csv_launch": {"position": [-486.856201171875, 1653.6893310546875, -12.654766082763672], "orientation": [0.9566621780395508, -1.6093254089355469e-06, 0.29120004177093506, -5.662441253662109e-07]}, "logos_launch": {"position": [-517.7906494140625, 1708.673583984375, 20.273733139038086], "orientation": [0.2588190734386444, -4.76837158203125e-07, -0.9659258127212524, 1.6987323760986328e-06]}, "logos_start": {"position": [-1298.5206298828125, 2942.755126953125, 20.273733139038086], "orientation": [0.2588190734386444, -4.76837158203125e-07, -0.9659258127212524, 1.6987323760986328e-06]}, "cam_start": {"position": [-1052.6209716796875, 2882.784423828125, 4.9368367195129395], "orientation": [0.23953914642333984, -0.05350576341152191, 0.9435497522354126, 0.22242304682731628]}, "cam_start_focus": {"position": [-778.7132568359375, 2257.140380859375, -0.010177135467529297], "orientation": [1.0, -1.8477439880371094e-06, 0.0, 0.0]}, "cam_launch": {"position": [-287.17962646484375, 1606.319091796875, 30.878387451171875], "orientation": [0.23953914642333984, -0.05350576341152191, 0.9435497522354126, 0.22242304682731628]}, "cam_launch_focus": {"position": [-481.479736328125, 1652.9437255859375, -28.208871841430664], "orientation": [1.0, -1.8477439880371094e-06, 0.0, 0.0]}, "cam_launch2": {"position": [-287.17962646484375, 1606.319091796875, -15.745296478271484], "orientation": [0.23953914642333984, -0.05350576341152191, 0.9435497522354126, 0.22242304682731628]}, "csv_launch2": {"position": [-486.856201171875, 1653.6893310546875, -38.441184997558594], "orientation": [0.9566621780395508, -1.6093254089355469e-06, 0.29120004177093506, -5.662441253662109e-07]}, "cam_xdbg": {"position": [-470.9803161621094, 1656.3072509765625, 51.397953033447266], "orientation": [0.23953914642333984, -0.05350576341152191, 0.9435497522354126, 0.22242304682731628]}, "cam_xdbg_focus": {"position": [-481.479736328125, 1652.9437255859375, -28.208871841430664], "orientation": [1.0, -1.8477439880371094e-06, 0.0, 0.0]}, "cam_launch3": {"position": [-287.17962646484375, 1606.319091796875, -36.20082473754883], "orientation": [0.23953914642333984, -0.05350576341152191, 0.9435497522354126, 0.22242304682731628]}, "cam_launch_focus3": {"position": [-481.479736328125, 1652.9437255859375, -45.268043518066406], "orientation": [1.0, -1.8477439880371094e-06, 0.0, 0.0]}, "csv_alt": {"position": [-1.2496833801269531, 0.0, -9.195222854614258], "orientation": [0.6338043808937073, -0.734952986240387, 0.1336100548505783, -0.20070955157279968]}}