{"shiplook": {"position": [41.733314514160156, -27.659818649291992, 15.236455917358398]}, "cam_dbg": {"position": [1.3270378112792969, 110.72125244140625, 80.2467041015625]}, "cam_dbg_focus": {"position": [21.632095336914062, 0.23083257675170898, 0.8231914043426514]}, "ship": {"position": [0.33359575271606445, -0.07327210903167725, 0.045504093170166016]}}