{"li_bship_deck": {"position": [0.0, 0.0, 0.0]}, "cam_dbg": {"position": [-9.95283031463623, 4.885080337524414, 3.0715551376342773]}, "cam_dbg_focus": {"position": [-5.394644737243652, 3.8654448986053467, 0.8231914043426514]}, "king_init": {"position": [-2.81941819190979, 1.753754734992981, 0.0]}, "ship": {"position": [0.12577396631240845, 0.702725887298584, 3.6199135780334473]}, "trent_init": {"position": [-16.49227523803711, 16.66025161743164, 0.0]}, "darcy_init": {"position": [-10.517402648925781, 11.578256607055664, 0.019867897033691406]}, "cam_start": {"position": [-11.772391319274902, 5.526845932006836, 2.769014596939087]}, "cam_start_focus": {"position": [-9.021873474121094, 13.370487213134766, 3.9849929809570312]}, "cam_start2": {"position": [-9.452862739562988, 6.0799455642700195, 0.7479895353317261]}, "cam_start_focus2": {"position": [-10.513768196105957, 10.8901948928833, 1.0510655641555786]}, "cam_brief": {"position": [-2.9197568893432617, 20.51609992980957, 9.063410758972168]}, "cam_brief_focus": {"position": [-1.966576099395752, 2.8294410705566406, 4.5052642822265625]}, "spinner1": {"position": [-4.310421943664551, 11.40257740020752, 3.778256416320801]}, "spinner2": {"position": [-6.744475364685059, -0.8221664428710938, 3.778256416320801]}, "spinner3": {"position": [-3.8710789680480957, 4.669376373291016, 5.126676559448242]}, "cam_brief2": {"position": [-9.593351364135742, 5.40511417388916, 4.425854682922363]}, "cam_brief_focus2": {"position": [-4.074049472808838, 2.605064630508423, 1.221442699432373]}, "cam_brief3": {"position": [-2.5241940021514893, 6.82103967666626, 2.1065971851348877]}, "cam_brief_focus3": {"position": [-2.968064308166504, 1.9248766899108887, 1.188770055770874]}, "cam_brief4": {"position": [-5.396546840667725, 5.316152095794678, 1.8988227844238281]}, "cam_brief_focus4": {"position": [-3.2506823539733887, 2.595085620880127, 1.208204984664917]}, "male1": {"position": [-2.3436474800109863, 4.279110908508301, 0.0]}, "female1": {"position": [-3.892955780029297, 2.9527406692504883, -0.020160168409347534]}, "male2": {"position": [-4.741758823394775, 2.3552300930023193, 0.0]}, "female2": {"position": [-3.6110401153564453, 0.5085008144378662, 0.0]}, "male3": {"position": [-4.338520050048828, 0.1408906728029251, 0.0]}, "alaric_init": {"position": [-1.9933149814605713, 3.5080618858337402, 0.0]}, "male4": {"position": [-5.407009124755859, 1.5876036882400513, 0.0]}, "major": {"position": [-4.471828460693359, 1.199231743812561, 0.0]}, "trent_walk": {"position": [-7.046762466430664, 5.375118732452393, 0.0]}, "darcy_walk": {"position": [-6.174095153808594, 6.937191963195801, 0.0]}, "female3": {"position": [-1.6185035705566406, 2.5898525714874268, 0.0]}, "female4": {"position": [-3.0110480785369873, 3.7254419326782227, 0.0]}, "trent_quest": {"position": [-4.702782154083252, 3.0891013145446777, 0.0]}, "cam_quest": {"position": [-3.357572078704834, 1.5389671325683594, 2.076793670654297]}, "cam_quest_focus": {"position": [-4.676792621612549, 3.098468780517578, 1.4505095481872559]}, "cam_answer": {"position": [-2.792715311050415, 3.357980251312256, 1.4115846157073975]}, "cam_answer_focus": {"position": [-2.7827067375183105, 1.7812225818634033, 1.5065550804138184]}, "cam_answer2": {"position": [-3.6213185787200928, 3.28708815574646, 1.80131995677948]}, "cam_answer_focus2": {"position": [-2.8563530445098877, 1.7812225818634033, 1.505155324935913]}}