{"shiplook": {"position": [41.733314514160156, -27.659818649291992, 15.236455917358398]}, "cam_dbg": {"position": [-8.940502166748047, -14.073055267333984, 4.9368367195129395]}, "cam_dbg_focus": {"position": [-31.896268844604492, -4.525638580322266, -0.010177135467529297]}, "ship": {"position": [0.33359575271606445, -0.07327210903167725, 0.045504093170166016]}, "cam_dbg2": {"position": [-101.24012756347656, 12.521247863769531, 10.883781433105469]}, "bh": {"position": [0.33359575271606445, -535.806640625, -8.782455444335938]}, "csv_test": {"position": [-35.844078063964844, 0.0, 0.0]}, "csv_test2": {"position": [-35.844078063964844, 80.12970733642578, 0.0]}, "csv_launch": {"position": [-486.856201171875, 1653.6893310546875, -12.654766082763672]}, "logos_launch": {"position": [-517.7906494140625, 1708.673583984375, 20.273733139038086]}, "logos_start": {"position": [-1298.5206298828125, 2942.755126953125, 20.273733139038086]}, "cam_start": {"position": [-1052.6209716796875, 2882.784423828125, 4.9368367195129395]}, "cam_start_focus": {"position": [-778.7132568359375, 2257.140380859375, -0.010177135467529297]}, "cam_launch": {"position": [-287.17962646484375, 1606.319091796875, 30.878387451171875]}, "cam_launch_focus": {"position": [-481.479736328125, 1652.9437255859375, -28.208871841430664]}, "cam_launch2": {"position": [-287.17962646484375, 1606.319091796875, -15.745296478271484]}, "csv_launch2": {"position": [-486.856201171875, 1653.6893310546875, -38.441184997558594]}, "cam_xdbg": {"position": [-470.9803161621094, 1656.3072509765625, 51.397953033447266]}, "cam_xdbg_focus": {"position": [-481.479736328125, 1652.9437255859375, -28.208871841430664]}, "cam_launch3": {"position": [-287.17962646484375, 1606.319091796875, -36.20082473754883]}, "cam_launch_focus3": {"position": [-481.479736328125, 1652.9437255859375, -45.268043518066406]}}